﻿{
"mc": {
	"arr": {
		"frameRate":24,
		"labels": [
		],
		"frames": [
			{"res":"arr0000","x":-0.35,"y":0},
			{"res":"arr0001","x":-0.35,"y":0},
			{"res":"arr0002","x":-0.35,"y":0},
			{"res":"arr0003","x":-0.35,"y":0},
			{"res":"arr0004","x":-0.35,"y":0},
			{"res":"arr0005","x":-0.35,"y":0}
		]
	}
},
"res": {
	"arr0000":{"x":0,"y":0,"w":77,"h":43},
	"arr0001":{"x":77,"y":0,"w":77,"h":43},
	"arr0002":{"x":154,"y":0,"w":77,"h":43},
	"arr0003":{"x":0,"y":43,"w":77,"h":43},
	"arr0004":{"x":77,"y":43,"w":77,"h":43},
	"arr0005":{"x":154,"y":43,"w":77,"h":43}
}
}