{"file":"heads.png","frames":{
"dog5_head_w_png":{"x":165,"y":573,"w":47,"h":65,"offX":9,"offY":0,"sourceW":65,"sourceH":65},
"d_p_h_1_png":{"x":61,"y":498,"w":60,"h":68,"offX":10,"offY":7,"sourceW":80,"sourceH":75},
"d_p_h_2_png":{"x":408,"y":246,"w":60,"h":74,"offX":10,"offY":1,"sourceW":80,"sourceH":75},
"d_p_h_3_png":{"x":0,"y":498,"w":59,"h":70,"offX":20,"offY":5,"sourceW":80,"sourceH":75},
"d_p_h_4_png":{"x":123,"y":498,"w":55,"h":73,"offX":13,"offY":2,"sourceW":80,"sourceH":75},
"d_p_h_5_png":{"x":120,"y":573,"w":43,"h":74,"offX":19,"offY":1,"sourceW":80,"sourceH":75},
"dog1_head_png":{"x":0,"y":0,"w":237,"h":242,"offX":14,"offY":22,"sourceW":270,"sourceH":270},
"dog1_head_w_png":{"x":408,"y":391,"w":65,"h":65,"offX":0,"offY":0,"sourceW":65,"sourceH":65},
"dog2_head_png":{"x":239,"y":0,"w":227,"h":244,"offX":20,"offY":23,"sourceW":270,"sourceH":270},
"dog2_head_w_png":{"x":408,"y":458,"w":64,"h":65,"offX":1,"offY":0,"sourceW":65,"sourceH":65},
"dog3_head_png":{"x":0,"y":244,"w":212,"h":252,"offX":50,"offY":12,"sourceW":270,"sourceH":270},
"dog3_head_w_png":{"x":357,"y":525,"w":61,"h":65,"offX":2,"offY":0,"sourceW":65,"sourceH":65},
"dog4_head_png":{"x":214,"y":246,"w":192,"h":246,"offX":37,"offY":3,"sourceW":270,"sourceH":270},
"dog4_head_w_png":{"x":61,"y":568,"w":57,"h":65,"offX":4,"offY":0,"sourceW":65,"sourceH":65},
"dog5_head_png":{"x":214,"y":494,"w":141,"h":238,"offX":62,"offY":11,"sourceW":270,"sourceH":270},
"dog5_h_b_mh_png":{"x":468,"y":0,"w":40,"h":63,"offX":15,"offY":4,"sourceW":70,"sourceH":70},
"dog5_l_head_png":{"x":468,"y":117,"w":33,"h":51,"offX":14,"offY":5,"sourceW":60,"sourceH":60},
"dog5_l_head_1_png":{"x":470,"y":214,"w":25,"h":43,"offX":18,"offY":9,"sourceW":60,"sourceH":60},
"dog1_h_b_mh_png":{"x":408,"y":322,"w":65,"h":67,"offX":3,"offY":2,"sourceW":70,"sourceH":70},
"dog1_l_head_png":{"x":0,"y":634,"w":55,"h":54,"offX":3,"offY":3,"sourceW":60,"sourceH":60},
"dog1_l_head_1_png":{"x":110,"y":649,"w":47,"h":46,"offX":7,"offY":7,"sourceW":60,"sourceH":60},
"dog2_h_b_mh_png":{"x":0,"y":570,"w":58,"h":62,"offX":6,"offY":4,"sourceW":70,"sourceH":70},
"dog2_l_head_png":{"x":420,"y":591,"w":55,"h":57,"offX":3,"offY":2,"sourceW":60,"sourceH":60},
"dog2_l_head_1_png":{"x":165,"y":640,"w":47,"h":49,"offX":7,"offY":6,"sourceW":60,"sourceH":60},
"dog3_h_b_mh_png":{"x":420,"y":525,"w":61,"h":64,"offX":5,"offY":3,"sourceW":70,"sourceH":70},
"dog3_l_head_png":{"x":57,"y":635,"w":51,"h":53,"offX":5,"offY":4,"sourceW":60,"sourceH":60},
"dog3_l_head_1_png":{"x":408,"y":650,"w":43,"h":45,"offX":9,"offY":8,"sourceW":60,"sourceH":60},
"dog4_h_b_mh_png":{"x":357,"y":592,"w":49,"h":61,"offX":11,"offY":5,"sourceW":70,"sourceH":70},
"dog4_l_head_png":{"x":468,"y":65,"w":41,"h":50,"offX":10,"offY":5,"sourceW":60,"sourceH":60},
"dog4_l_head_1_png":{"x":468,"y":170,"w":33,"h":42,"offX":14,"offY":9,"sourceW":60,"sourceH":60}}}