﻿{
"mc": {
	"shutter": {
		"frameRate":12,
		"labels": [
		],
		"frames": [
			{"res":"shutter0000","x":10.6,"y":9.6},
			{"res":"shutter0001","x":10.6,"y":9.6},
			{"res":"shutter0002","x":10.6,"y":9.6},
			{"res":"shutter0003","x":10.6,"y":9.6},
			{"res":"shutter0004","x":10.6,"y":9.6},
			{"res":"shutter0005","x":10.6,"y":9.6},
			{"res":"shutter0006","x":10.6,"y":9.6},
			{"res":"shutter0007","x":10.6,"y":9.6},
			{"res":"shutter0008","x":10.6,"y":9.6},
			{"res":"shutter0009","x":10.6,"y":9.6}
		]
	}
},
"res": {
	"shutter0000":{"x":0,"y":0,"w":166,"h":166},
	"shutter0001":{"x":166,"y":0,"w":166,"h":166},
	"shutter0002":{"x":332,"y":0,"w":166,"h":166},
	"shutter0003":{"x":0,"y":166,"w":166,"h":166},
	"shutter0004":{"x":166,"y":166,"w":166,"h":166},
	"shutter0005":{"x":332,"y":166,"w":166,"h":166},
	"shutter0006":{"x":0,"y":332,"w":166,"h":166},
	"shutter0007":{"x":166,"y":332,"w":166,"h":166},
	"shutter0008":{"x":332,"y":332,"w":166,"h":166},
	"shutter0009":{"x":0,"y":0,"w":166,"h":166}
}
}