{"SubTexture":[{"width":126,"y":153,"height":43,"name":"touying","x":43},{"width":12,"y":32,"height":32,"name":"shanke-1-1-1-1-1-1-1-1-1-1-1-1-1-1-1-1-1-1-1-1-1-1-1-1-1-1-1-1","x":277},{"width":25,"y":237,"height":18,"name":"shanke-1-1-1-1-1-1-1-1-1-1-1-1-1-1-1-1-1-1","x":236},{"width":18,"y":156,"height":52,"name":"shanke-1-1-1-1-1-1-1-1-1-1-1-1-1-1-1-1-1-1-1-1-1-1-1-1-1-1","x":229},{"width":13,"y":32,"height":30,"name":"shanke-1-1-1-1-1-1-1-1-1-1-1-1-1-1-1-1-1-1-1-1-1-1-1-1-1","x":262},{"width":37,"y":226,"height":27,"name":"shanke-1-1-1-1-1-1-1-1-1-1-1-1-1-1-1-1-1-1-1-1-1-1-1-1","x":101},{"width":19,"y":237,"height":13,"name":"shanke-1-1-1-1-1-1-1-1-1-1-1-1-1-1-1-1-1-1-1-1-1-1-1","x":1},{"width":19,"y":210,"height":28,"name":"shanke-1-1-1-1-1-1-1-1-1-1-1-1-1-1-1-1-1-1-1-1-1-1","x":264},{"width":34,"y":68,"height":44,"name":"shanke-1-1-1-1-1-1-1-1-1-1-1-1-1-1-1-1-1-1-1-1-1","x":172},{"width":27,"y":211,"height":36,"name":"shanke-1-1-1-1-1-1-1-1-1-1-1-1-1-1-1-1-1-1-1-1","x":207},{"width":14,"y":1,"height":27,"name":"shanke-1-1-1-1-1-1-1-1-1-1-1-1-1-1-1-1-1-1-1","x":265},{"width":63,"y":64,"height":87,"name":"shanke-1-1-1-1-1-1-1-1-1-1-1-1-1-1-1-1-1","x":43},{"width":113,"y":1,"height":65,"name":"shanke-1","x":132},{"frameHeight":30,"y":210,"frameWidth":28,"frameX":0,"width":26,"frameY":-2,"height":25,"name":"qiti","x":236},{"width":34,"y":136,"height":96,"name":"shanke-1-1-1-1-1-1-1-1-1-1-1-1-1-1-1-1","x":171},{"width":34,"y":68,"height":29,"name":"shanke-1-1-1-1-1-1-1-1-1-1-1-1-1-1-1","x":240},{"width":56,"y":198,"height":55,"name":"shanke-1-1-1-1-1-1-1-1-1-1-1-1-1","x":43},{"width":14,"y":136,"height":8,"name":"shanke-1-1-1-1-1-1-1-1-1-1-1-1","x":108},{"width":9,"y":136,"height":7,"name":"shanke-1-1-1-1-1-1-1-1-1-1-1","x":124},{"width":8,"y":237,"height":13,"name":"shanke-1-1-1-1-1-1-1-1-1-1","x":33},{"width":9,"y":237,"height":14,"name":"shanke-1-1-1-1-1-1-1-1-1","x":22},{"width":20,"y":156,"height":53,"name":"shanke-1-1-1-1-1-1-1-1","x":207},{"width":13,"y":32,"height":30,"name":"shanke-1-1-1-1-1-1-1","x":247},{"width":27,"y":234,"height":17,"name":"shanke-1-1-1-1-1-1","x":171},{"width":26,"y":114,"height":20,"name":"shanke-1-1-1-1-1","x":172},{"width":15,"y":99,"height":34,"name":"shanke-1-1-1-1-1-1-1-1-1-1-1-1-1-1","x":243},{"width":16,"y":1,"height":29,"name":"shanke-1-1-1-1","x":247},{"width":30,"y":68,"height":41,"name":"shanke-1-1-1","x":208},{"width":34,"y":114,"height":40,"name":"shanke-1-1","x":207},{"width":126,"y":153,"height":43,"name":"touying","x":43},{"width":12,"y":32,"height":32,"name":"shanke-1-1-1-1-1-1-1-1-1-1-1-1-1-1-1-1-1-1-1-1-1-1-1-1-1-1-1-1","x":277},{"width":25,"y":237,"height":18,"name":"shanke-1-1-1-1-1-1-1-1-1-1-1-1-1-1-1-1-1-1","x":236},{"width":18,"y":156,"height":52,"name":"shanke-1-1-1-1-1-1-1-1-1-1-1-1-1-1-1-1-1-1-1-1-1-1-1-1-1-1","x":229},{"width":13,"y":32,"height":30,"name":"shanke-1-1-1-1-1-1-1-1-1-1-1-1-1-1-1-1-1-1-1-1-1-1-1-1-1","x":262},{"width":37,"y":226,"height":27,"name":"shanke-1-1-1-1-1-1-1-1-1-1-1-1-1-1-1-1-1-1-1-1-1-1-1-1","x":101},{"width":19,"y":237,"height":13,"name":"shanke-1-1-1-1-1-1-1-1-1-1-1-1-1-1-1-1-1-1-1-1-1-1-1","x":1},{"width":19,"y":210,"height":28,"name":"shanke-1-1-1-1-1-1-1-1-1-1-1-1-1-1-1-1-1-1-1-1-1-1","x":264},{"width":34,"y":68,"height":44,"name":"shanke-1-1-1-1-1-1-1-1-1-1-1-1-1-1-1-1-1-1-1-1-1","x":172},{"width":27,"y":211,"height":36,"name":"shanke-1-1-1-1-1-1-1-1-1-1-1-1-1-1-1-1-1-1-1-1","x":207},{"width":14,"y":1,"height":27,"name":"shanke-1-1-1-1-1-1-1-1-1-1-1-1-1-1-1-1-1-1-1","x":265},{"width":63,"y":64,"height":87,"name":"shanke-1-1-1-1-1-1-1-1-1-1-1-1-1-1-1-1-1","x":43},{"width":25,"y":237,"height":18,"name":"shanke-1-1-1-1-1-1-1-1-1-1-1-1-1-1-1-1-1-1","x":236},{"width":113,"y":1,"height":65,"name":"shanke-1","x":132},{"width":34,"y":136,"height":96,"name":"shanke-1-1-1-1-1-1-1-1-1-1-1-1-1-1-1-1","x":171},{"width":34,"y":68,"height":29,"name":"shanke-1-1-1-1-1-1-1-1-1-1-1-1-1-1-1","x":240},{"width":56,"y":198,"height":55,"name":"shanke-1-1-1-1-1-1-1-1-1-1-1-1-1","x":43},{"width":14,"y":136,"height":8,"name":"shanke-1-1-1-1-1-1-1-1-1-1-1-1","x":108},{"width":9,"y":136,"height":7,"name":"shanke-1-1-1-1-1-1-1-1-1-1-1","x":124},{"width":8,"y":237,"height":13,"name":"shanke-1-1-1-1-1-1-1-1-1-1","x":33},{"width":9,"y":237,"height":14,"name":"shanke-1-1-1-1-1-1-1-1-1","x":22},{"width":20,"y":156,"height":53,"name":"shanke-1-1-1-1-1-1-1-1","x":207},{"width":13,"y":32,"height":30,"name":"shanke-1-1-1-1-1-1-1","x":247},{"width":27,"y":234,"height":17,"name":"shanke-1-1-1-1-1-1","x":171},{"width":26,"y":114,"height":20,"name":"shanke-1-1-1-1-1","x":172},{"width":15,"y":99,"height":34,"name":"shanke-1-1-1-1-1-1-1-1-1-1-1-1-1-1","x":243},{"width":16,"y":1,"height":29,"name":"shanke-1-1-1-1","x":247},{"width":30,"y":68,"height":41,"name":"shanke-1-1-1","x":208},{"width":34,"y":114,"height":40,"name":"shanke-1-1","x":207},{"frameHeight":30,"y":210,"frameWidth":28,"frameX":0,"width":26,"frameY":-2,"height":25,"name":"qiti","x":236},{"frameHeight":30,"y":210,"frameWidth":28,"frameX":0,"width":26,"frameY":-2,"height":25,"name":"qiti","x":236},{"width":62,"y":68,"height":66,"name":"yanyun","x":108},{"width":68,"y":198,"height":26,"name":"xingguang","x":101},{"width":29,"y":226,"height":29,"name":"xingxing","x":140},{"width":126,"y":153,"height":43,"name":"touying","x":43},{"width":12,"y":32,"height":32,"name":"shanke-1-1-1-1-1-1-1-1-1-1-1-1-1-1-1-1-1-1-1-1-1-1-1-1-1-1-1-1","x":277},{"width":25,"y":237,"height":18,"name":"shanke-1-1-1-1-1-1-1-1-1-1-1-1-1-1-1-1-1-1","x":236},{"width":18,"y":156,"height":52,"name":"shanke-1-1-1-1-1-1-1-1-1-1-1-1-1-1-1-1-1-1-1-1-1-1-1-1-1-1","x":229},{"width":13,"y":32,"height":30,"name":"shanke-1-1-1-1-1-1-1-1-1-1-1-1-1-1-1-1-1-1-1-1-1-1-1-1-1","x":262},{"width":37,"y":226,"height":27,"name":"shanke-1-1-1-1-1-1-1-1-1-1-1-1-1-1-1-1-1-1-1-1-1-1-1-1","x":101},{"width":19,"y":237,"height":13,"name":"shanke-1-1-1-1-1-1-1-1-1-1-1-1-1-1-1-1-1-1-1-1-1-1-1","x":1},{"width":19,"y":210,"height":28,"name":"shanke-1-1-1-1-1-1-1-1-1-1-1-1-1-1-1-1-1-1-1-1-1-1","x":264},{"width":34,"y":68,"height":44,"name":"shanke-1-1-1-1-1-1-1-1-1-1-1-1-1-1-1-1-1-1-1-1-1","x":172},{"width":27,"y":211,"height":36,"name":"shanke-1-1-1-1-1-1-1-1-1-1-1-1-1-1-1-1-1-1-1-1","x":207},{"width":14,"y":1,"height":27,"name":"shanke-1-1-1-1-1-1-1-1-1-1-1-1-1-1-1-1-1-1-1","x":265},{"width":63,"y":64,"height":87,"name":"shanke-1-1-1-1-1-1-1-1-1-1-1-1-1-1-1-1-1","x":43},{"width":25,"y":237,"height":18,"name":"shanke-1-1-1-1-1-1-1-1-1-1-1-1-1-1-1-1-1-1","x":236},{"width":113,"y":1,"height":65,"name":"shanke-1","x":132},{"width":34,"y":136,"height":96,"name":"shanke-1-1-1-1-1-1-1-1-1-1-1-1-1-1-1-1","x":171},{"width":34,"y":68,"height":29,"name":"shanke-1-1-1-1-1-1-1-1-1-1-1-1-1-1-1","x":240},{"width":56,"y":198,"height":55,"name":"shanke-1-1-1-1-1-1-1-1-1-1-1-1-1","x":43},{"width":14,"y":136,"height":8,"name":"shanke-1-1-1-1-1-1-1-1-1-1-1-1","x":108},{"width":9,"y":136,"height":7,"name":"shanke-1-1-1-1-1-1-1-1-1-1-1","x":124},{"width":8,"y":237,"height":13,"name":"shanke-1-1-1-1-1-1-1-1-1-1","x":33},{"width":9,"y":237,"height":14,"name":"shanke-1-1-1-1-1-1-1-1-1","x":22},{"width":20,"y":156,"height":53,"name":"shanke-1-1-1-1-1-1-1-1","x":207},{"width":13,"y":32,"height":30,"name":"shanke-1-1-1-1-1-1-1","x":247},{"width":27,"y":234,"height":17,"name":"shanke-1-1-1-1-1-1","x":171},{"width":26,"y":114,"height":20,"name":"shanke-1-1-1-1-1","x":172},{"width":15,"y":99,"height":34,"name":"shanke-1-1-1-1-1-1-1-1-1-1-1-1-1-1","x":243},{"width":16,"y":1,"height":29,"name":"shanke-1-1-1-1","x":247},{"width":30,"y":68,"height":41,"name":"shanke-1-1-1","x":208},{"width":34,"y":114,"height":40,"name":"shanke-1-1","x":207},{"frameHeight":30,"y":210,"frameWidth":28,"frameX":0,"width":26,"frameY":-2,"height":25,"name":"qiti","x":236},{"frameHeight":30,"y":210,"frameWidth":28,"frameX":0,"width":26,"frameY":-2,"height":25,"name":"qiti","x":236},{"frameHeight":213,"y":64,"frameWidth":60,"frameX":-1,"width":40,"frameY":-40,"height":171,"name":"xian","x":1},{"frameHeight":73,"y":1,"frameWidth":143,"frameX":-12,"width":129,"frameY":-3,"height":61,"name":"yanayanyan","x":1}],"name":"banma-donghua","imagePath":"texture.png"}