﻿{
"mc": {
	"元件 4": {
		"frameRate":24,
		"labels": [
		],
		"frames": [
			{"res":"元件 40000","x":0,"y":0},
			{"res":"元件 40001","x":0,"y":0},
			{"res":"元件 40002","x":0,"y":0},
			{"res":"元件 40003","x":0,"y":0},
			{"res":"元件 40004","x":0,"y":0},
			{"res":"元件 40005","x":0,"y":0},
			{"res":"元件 40006","x":0,"y":0},
			{"res":"元件 40007","x":0,"y":0},
			{"res":"元件 40008","x":0,"y":0},
			{"res":"元件 40009","x":0,"y":0},
			{"res":"元件 40010","x":0,"y":0},
			{"res":"元件 40011","x":0,"y":0},
			{"res":"元件 40012","x":0,"y":0},
			{"res":"元件 40013","x":0,"y":0},
			{"res":"元件 40014","x":0,"y":0},
			{"res":"元件 40015","x":0,"y":0},
			{"res":"元件 40016","x":0,"y":0},
			{"res":"元件 40017","x":0,"y":0},
			{"res":"元件 40018","x":0,"y":0},
			{"res":"元件 40019","x":0,"y":0},
			{"res":"元件 40020","x":0,"y":0},
			{"res":"元件 40021","x":0,"y":0},
			{"res":"元件 40022","x":0,"y":0},
			{"res":"元件 40023","x":0,"y":0},
			{"res":"元件 40024","x":0,"y":0},
			{"res":"元件 40025","x":0,"y":0},
			{"res":"元件 40026","x":0,"y":0},
			{"res":"元件 40027","x":0,"y":0}
		]
	}
},
"res": {
	"元件 40000":{"x":0,"y":0,"w":176,"h":238},
	"元件 40001":{"x":176,"y":0,"w":176,"h":238},
	"元件 40002":{"x":352,"y":0,"w":176,"h":238},
	"元件 40003":{"x":528,"y":0,"w":176,"h":238},
	"元件 40004":{"x":704,"y":0,"w":176,"h":238},
	"元件 40005":{"x":0,"y":238,"w":176,"h":238},
	"元件 40006":{"x":176,"y":238,"w":176,"h":238},
	"元件 40007":{"x":352,"y":238,"w":176,"h":238},
	"元件 40008":{"x":528,"y":238,"w":176,"h":238},
	"元件 40009":{"x":704,"y":238,"w":176,"h":238},
	"元件 40010":{"x":0,"y":476,"w":176,"h":238},
	"元件 40011":{"x":176,"y":476,"w":176,"h":238},
	"元件 40012":{"x":352,"y":476,"w":176,"h":238},
	"元件 40013":{"x":528,"y":476,"w":176,"h":238},
	"元件 40014":{"x":704,"y":476,"w":176,"h":238},
	"元件 40015":{"x":0,"y":714,"w":176,"h":238},
	"元件 40016":{"x":176,"y":714,"w":176,"h":238},
	"元件 40017":{"x":352,"y":714,"w":176,"h":238},
	"元件 40018":{"x":528,"y":714,"w":176,"h":238},
	"元件 40019":{"x":704,"y":714,"w":176,"h":238},
	"元件 40020":{"x":0,"y":952,"w":176,"h":238},
	"元件 40021":{"x":176,"y":952,"w":176,"h":238},
	"元件 40022":{"x":352,"y":952,"w":176,"h":238},
	"元件 40023":{"x":528,"y":952,"w":176,"h":238},
	"元件 40024":{"x":704,"y":952,"w":176,"h":238},
	"元件 40025":{"x":0,"y":1190,"w":176,"h":238},
	"元件 40026":{"x":176,"y":1190,"w":176,"h":238},
	"元件 40027":{"x":352,"y":1190,"w":176,"h":238}
}
}