﻿{
"mc": {
	"元件 1": {
		"frameRate":24,
		"labels": [
		],
		"frames": [
			{"res":"元件 10000","x":0,"y":0},
			{"res":"元件 10001","x":0,"y":0},
			{"res":"元件 10002","x":0,"y":0},
			{"res":"元件 10003","x":0,"y":0},
			{"res":"元件 10004","x":0,"y":0},
			{"res":"元件 10005","x":0,"y":0},
			{"res":"元件 10006","x":0,"y":0},
			{"res":"元件 10007","x":0,"y":0},
			{"res":"元件 10008","x":0,"y":0},
			{"res":"元件 10009","x":0,"y":0},
			{"res":"元件 10010","x":0,"y":0},
			{"res":"元件 10011","x":0,"y":0},
			{"res":"元件 10012","x":0,"y":0},
			{"res":"元件 10013","x":0,"y":0},
			{"res":"元件 10014","x":0,"y":0},
			{"res":"元件 10015","x":0,"y":0},
			{"res":"元件 10016","x":0,"y":0},
			{"res":"元件 10017","x":0,"y":0},
			{"res":"元件 10018","x":0,"y":0},
			{"res":"元件 10019","x":0,"y":0},
			{"res":"元件 10020","x":0,"y":0},
			{"res":"元件 10021","x":0,"y":0},
			{"res":"元件 10022","x":0,"y":0}
		]
	}
},
"res": {
	"元件 10000":{"x":0,"y":0,"w":125,"h":58},
	"元件 10001":{"x":125,"y":0,"w":125,"h":58},
	"元件 10002":{"x":250,"y":0,"w":125,"h":58},
	"元件 10003":{"x":375,"y":0,"w":125,"h":58},
	"元件 10004":{"x":0,"y":58,"w":125,"h":58},
	"元件 10005":{"x":125,"y":58,"w":125,"h":58},
	"元件 10006":{"x":250,"y":58,"w":125,"h":58},
	"元件 10007":{"x":375,"y":58,"w":125,"h":58},
	"元件 10008":{"x":0,"y":116,"w":125,"h":58},
	"元件 10009":{"x":125,"y":116,"w":125,"h":58},
	"元件 10010":{"x":250,"y":116,"w":125,"h":58},
	"元件 10011":{"x":375,"y":116,"w":125,"h":58},
	"元件 10012":{"x":0,"y":174,"w":125,"h":58},
	"元件 10013":{"x":125,"y":174,"w":125,"h":58},
	"元件 10014":{"x":250,"y":174,"w":125,"h":58},
	"元件 10015":{"x":375,"y":174,"w":125,"h":58},
	"元件 10016":{"x":0,"y":232,"w":125,"h":58},
	"元件 10017":{"x":125,"y":232,"w":125,"h":58},
	"元件 10018":{"x":250,"y":232,"w":125,"h":58},
	"元件 10019":{"x":375,"y":232,"w":125,"h":58},
	"元件 10020":{"x":0,"y":290,"w":125,"h":58},
	"元件 10021":{"x":125,"y":290,"w":125,"h":58},
	"元件 10022":{"x":250,"y":290,"w":125,"h":58}
}
}