﻿{
"mc": {
	"元件 1.2": {
		"frameRate":24,
		"labels": [
		],
		"frames": [
			{"res":"元件 1.20000","x":0,"y":0,"duration":2},
			{"res":"元件 1.20002","x":0,"y":0,"duration":2},
			{"res":"元件 1.20004","x":0,"y":0,"duration":2},
			{"res":"元件 1.20006","x":0,"y":0,"duration":2},
			{"res":"元件 1.20008","x":0,"y":0,"duration":2},
			{"res":"元件 1.20010","x":0,"y":0,"duration":2}
		]
	}
},
"res": {
	"元件 1.20000":{"x":0,"y":0,"w":64,"h":39},
	"元件 1.20002":{"x":0,"y":39,"w":64,"h":39},
	"元件 1.20004":{"x":0,"y":78,"w":64,"h":39},
	"元件 1.20006":{"x":0,"y":0,"w":64,"h":39},
	"元件 1.20008":{"x":0,"y":39,"w":64,"h":39},
	"元件 1.20010":{"x":0,"y":78,"w":64,"h":39}
}
}