﻿{
"mc": {
	"元件 3": {
		"frameRate":24,
		"labels": [
		],
		"frames": [
			{"res":"元件 30000","x":0,"y":0},
			{"res":"元件 30001","x":0,"y":0},
			{"res":"元件 30002","x":0,"y":0},
			{"res":"元件 30003","x":0,"y":0},
			{"res":"元件 30004","x":0,"y":0},
			{"res":"元件 30005","x":0,"y":0},
			{"res":"元件 30006","x":0,"y":0},
			{"res":"元件 30007","x":0,"y":0},
			{"res":"元件 30008","x":0,"y":0},
			{"res":"元件 30009","x":0,"y":0},
			{"res":"元件 30010","x":0,"y":0},
			{"res":"元件 30011","x":0,"y":0},
			{"res":"元件 30012","x":0,"y":0},
			{"res":"元件 30013","x":0,"y":0},
			{"res":"元件 30014","x":0,"y":0},
			{"res":"元件 30015","x":0,"y":0},
			{"res":"元件 30016","x":0,"y":0},
			{"res":"元件 30017","x":0,"y":0},
			{"res":"元件 30018","x":0,"y":0},
			{"res":"元件 30019","x":0,"y":0},
			{"res":"元件 30020","x":0,"y":0},
			{"res":"元件 30021","x":0,"y":0}
		]
	}
},
"res": {
	"元件 30000":{"x":0,"y":0,"w":205,"h":110},
	"元件 30001":{"x":205,"y":0,"w":205,"h":110},
	"元件 30002":{"x":410,"y":0,"w":205,"h":110},
	"元件 30003":{"x":615,"y":0,"w":205,"h":110},
	"元件 30004":{"x":0,"y":110,"w":205,"h":110},
	"元件 30005":{"x":205,"y":110,"w":205,"h":110},
	"元件 30006":{"x":410,"y":110,"w":205,"h":110},
	"元件 30007":{"x":615,"y":110,"w":205,"h":110},
	"元件 30008":{"x":0,"y":220,"w":205,"h":110},
	"元件 30009":{"x":205,"y":220,"w":205,"h":110},
	"元件 30010":{"x":410,"y":220,"w":205,"h":110},
	"元件 30011":{"x":615,"y":220,"w":205,"h":110},
	"元件 30012":{"x":0,"y":330,"w":205,"h":110},
	"元件 30013":{"x":205,"y":330,"w":205,"h":110},
	"元件 30014":{"x":410,"y":330,"w":205,"h":110},
	"元件 30015":{"x":615,"y":330,"w":205,"h":110},
	"元件 30016":{"x":0,"y":440,"w":205,"h":110},
	"元件 30017":{"x":205,"y":440,"w":205,"h":110},
	"元件 30018":{"x":410,"y":440,"w":205,"h":110},
	"元件 30019":{"x":615,"y":440,"w":205,"h":110},
	"元件 30020":{"x":0,"y":550,"w":205,"h":110},
	"元件 30021":{"x":205,"y":550,"w":205,"h":110}
}
}