﻿{
"mc": {
	"元件 5": {
		"frameRate":24,
		"labels": [
		],
		"frames": [
			{"res":"元件 50000","x":0,"y":0},
			{"res":"元件 50001","x":0,"y":0},
			{"res":"元件 50002","x":0,"y":0},
			{"res":"元件 50003","x":0,"y":0},
			{"res":"元件 50004","x":0,"y":0},
			{"res":"元件 50005","x":0,"y":0},
			{"res":"元件 50006","x":0,"y":0},
			{"res":"元件 50007","x":0,"y":0},
			{"res":"元件 50008","x":0,"y":0},
			{"res":"元件 50009","x":0,"y":0},
			{"res":"元件 50010","x":0,"y":0},
			{"res":"元件 50011","x":0,"y":0},
			{"res":"元件 50012","x":0,"y":0},
			{"res":"元件 50013","x":0,"y":0},
			{"res":"元件 50014","x":0,"y":0},
			{"res":"元件 50015","x":0,"y":0},
			{"res":"元件 50016","x":0,"y":0},
			{"res":"元件 50017","x":0,"y":0},
			{"res":"元件 50018","x":0,"y":0},
			{"res":"元件 50019","x":0,"y":0},
			{"res":"元件 50020","x":0,"y":0},
			{"res":"元件 50021","x":0,"y":0}
		]
	}
},
"res": {
	"元件 50000":{"x":0,"y":0,"w":205,"h":110},
	"元件 50001":{"x":205,"y":0,"w":205,"h":110},
	"元件 50002":{"x":410,"y":0,"w":205,"h":110},
	"元件 50003":{"x":615,"y":0,"w":205,"h":110},
	"元件 50004":{"x":0,"y":110,"w":205,"h":110},
	"元件 50005":{"x":205,"y":110,"w":205,"h":110},
	"元件 50006":{"x":410,"y":110,"w":205,"h":110},
	"元件 50007":{"x":615,"y":110,"w":205,"h":110},
	"元件 50008":{"x":0,"y":220,"w":205,"h":110},
	"元件 50009":{"x":205,"y":220,"w":205,"h":110},
	"元件 50010":{"x":410,"y":220,"w":205,"h":110},
	"元件 50011":{"x":615,"y":220,"w":205,"h":110},
	"元件 50012":{"x":0,"y":330,"w":205,"h":110},
	"元件 50013":{"x":205,"y":330,"w":205,"h":110},
	"元件 50014":{"x":410,"y":330,"w":205,"h":110},
	"元件 50015":{"x":615,"y":330,"w":205,"h":110},
	"元件 50016":{"x":0,"y":440,"w":205,"h":110},
	"元件 50017":{"x":205,"y":440,"w":205,"h":110},
	"元件 50018":{"x":410,"y":440,"w":205,"h":110},
	"元件 50019":{"x":615,"y":440,"w":205,"h":110},
	"元件 50020":{"x":0,"y":550,"w":205,"h":110},
	"元件 50021":{"x":205,"y":550,"w":205,"h":110}
}
}