﻿{
"mc": {
	"元件 3": {
		"frameRate":24,
		"labels": [
		],
		"frames": [
			{"res":"元件 30000","x":0,"y":0},
			{"res":"元件 30001","x":0,"y":0},
			{"res":"元件 30002","x":0,"y":0},
			{"res":"元件 30003","x":0,"y":0},
			{"res":"元件 30004","x":0,"y":0},
			{"res":"元件 30005","x":0,"y":0},
			{"res":"元件 30006","x":0,"y":0},
			{"res":"元件 30007","x":0,"y":0},
			{"res":"元件 30008","x":0,"y":0},
			{"res":"元件 30009","x":0,"y":0},
			{"res":"元件 30010","x":0,"y":0},
			{"res":"元件 30011","x":0,"y":0},
			{"res":"元件 30012","x":0,"y":0},
			{"res":"元件 30013","x":0,"y":0},
			{"res":"元件 30014","x":0,"y":0},
			{"res":"元件 30015","x":0,"y":0},
			{"res":"元件 30016","x":0,"y":0},
			{"res":"元件 30017","x":0,"y":0},
			{"res":"元件 30018","x":0,"y":0},
			{"res":"元件 30019","x":0,"y":0},
			{"res":"元件 30020","x":0,"y":0},
			{"res":"元件 30021","x":0,"y":0}
		]
	}
},
"res": {
	"元件 30000":{"x":0,"y":0,"w":50,"h":22},
	"元件 30001":{"x":50,"y":0,"w":50,"h":22},
	"元件 30002":{"x":0,"y":22,"w":50,"h":22},
	"元件 30003":{"x":50,"y":22,"w":50,"h":22},
	"元件 30004":{"x":0,"y":44,"w":50,"h":22},
	"元件 30005":{"x":50,"y":44,"w":50,"h":22},
	"元件 30006":{"x":0,"y":66,"w":50,"h":22},
	"元件 30007":{"x":50,"y":66,"w":50,"h":22},
	"元件 30008":{"x":0,"y":88,"w":50,"h":22},
	"元件 30009":{"x":50,"y":88,"w":50,"h":22},
	"元件 30010":{"x":0,"y":110,"w":50,"h":22},
	"元件 30011":{"x":50,"y":110,"w":50,"h":22},
	"元件 30012":{"x":0,"y":132,"w":50,"h":22},
	"元件 30013":{"x":50,"y":132,"w":50,"h":22},
	"元件 30014":{"x":0,"y":154,"w":50,"h":22},
	"元件 30015":{"x":50,"y":154,"w":50,"h":22},
	"元件 30016":{"x":0,"y":176,"w":50,"h":22},
	"元件 30017":{"x":50,"y":176,"w":50,"h":22},
	"元件 30018":{"x":0,"y":198,"w":50,"h":22},
	"元件 30019":{"x":50,"y":198,"w":50,"h":22},
	"元件 30020":{"x":0,"y":220,"w":50,"h":22},
	"元件 30021":{"x":50,"y":220,"w":50,"h":22}
}
}