﻿{
"mc": {
	"4.1": {
		"frameRate":24,
		"labels": [
		],
		"frames": [
			{"res":"4.10000","x":0,"y":0,"duration":2},
			{"res":"4.10002","x":0,"y":0,"duration":2},
			{"res":"4.10004","x":0,"y":0,"duration":2},
			{"res":"4.10006","x":0,"y":0,"duration":2},
			{"res":"4.10008","x":0,"y":0,"duration":2},
			{"res":"4.10010","x":0,"y":0,"duration":2}
		]
	}
},
"res": {
	"4.10000":{"x":0,"y":0,"w":394,"h":190},
	"4.10002":{"x":0,"y":190,"w":394,"h":190},
	"4.10004":{"x":0,"y":380,"w":394,"h":190},
	"4.10006":{"x":0,"y":0,"w":394,"h":190},
	"4.10008":{"x":0,"y":190,"w":394,"h":190},
	"4.10010":{"x":0,"y":380,"w":394,"h":190}
}
}