﻿{
"mc": {
	"元件 7": {
		"frameRate":24,
		"labels": [
		],
		"frames": [
			{"res":"元件 70000","x":0,"y":0},
			{"res":"元件 70001","x":0,"y":0},
			{"res":"元件 70002","x":0,"y":0},
			{"res":"元件 70003","x":0,"y":0},
			{"res":"元件 70004","x":0,"y":0},
			{"res":"元件 70005","x":0,"y":0},
			{"res":"元件 70006","x":0,"y":0},
			{"res":"元件 70007","x":0,"y":0},
			{"res":"元件 70008","x":0,"y":0},
			{"res":"元件 70009","x":0,"y":0},
			{"res":"元件 70010","x":0,"y":0},
			{"res":"元件 70011","x":0,"y":0},
			{"res":"元件 70012","x":0,"y":0},
			{"res":"元件 70013","x":0,"y":0},
			{"res":"元件 70014","x":0,"y":0},
			{"res":"元件 70015","x":0,"y":0},
			{"res":"元件 70016","x":0,"y":0},
			{"res":"元件 70017","x":0,"y":0},
			{"res":"元件 70018","x":0,"y":0},
			{"res":"元件 70019","x":0,"y":0},
			{"res":"元件 70020","x":0,"y":0},
			{"res":"元件 70021","x":0,"y":0},
			{"res":"元件 70022","x":0,"y":0},
			{"res":"元件 70023","x":0,"y":0},
			{"res":"元件 70024","x":0,"y":0},
			{"res":"元件 70025","x":0,"y":0},
			{"res":"元件 70026","x":0,"y":0},
			{"res":"元件 70027","x":0,"y":0},
			{"res":"元件 70028","x":0,"y":0},
			{"res":"元件 70029","x":0,"y":0},
			{"res":"元件 70030","x":0,"y":0},
			{"res":"元件 70031","x":0,"y":0},
			{"res":"元件 70032","x":0,"y":0},
			{"res":"元件 70033","x":0,"y":0}
		]
	}
},
"res": {
	"元件 70000":{"x":0,"y":0,"w":442,"h":235},
	"元件 70001":{"x":442,"y":0,"w":442,"h":235},
	"元件 70002":{"x":0,"y":235,"w":442,"h":235},
	"元件 70003":{"x":442,"y":235,"w":442,"h":235},
	"元件 70004":{"x":0,"y":470,"w":442,"h":235},
	"元件 70005":{"x":442,"y":470,"w":442,"h":235},
	"元件 70006":{"x":0,"y":705,"w":442,"h":235},
	"元件 70007":{"x":442,"y":705,"w":442,"h":235},
	"元件 70008":{"x":0,"y":940,"w":442,"h":235},
	"元件 70009":{"x":442,"y":940,"w":442,"h":235},
	"元件 70010":{"x":0,"y":1175,"w":442,"h":235},
	"元件 70011":{"x":442,"y":1175,"w":442,"h":235},
	"元件 70012":{"x":0,"y":1410,"w":442,"h":235},
	"元件 70013":{"x":442,"y":1410,"w":442,"h":235},
	"元件 70014":{"x":0,"y":1645,"w":442,"h":235},
	"元件 70015":{"x":442,"y":1645,"w":442,"h":235},
	"元件 70016":{"x":0,"y":1880,"w":442,"h":235},
	"元件 70017":{"x":442,"y":1880,"w":442,"h":235},
	"元件 70018":{"x":0,"y":2115,"w":442,"h":235},
	"元件 70019":{"x":442,"y":2115,"w":442,"h":235},
	"元件 70020":{"x":0,"y":2350,"w":442,"h":235},
	"元件 70021":{"x":442,"y":2350,"w":442,"h":235},
	"元件 70022":{"x":0,"y":2585,"w":442,"h":235},
	"元件 70023":{"x":442,"y":2585,"w":442,"h":235},
	"元件 70024":{"x":0,"y":2820,"w":442,"h":235},
	"元件 70025":{"x":442,"y":2820,"w":442,"h":235},
	"元件 70026":{"x":0,"y":3055,"w":442,"h":235},
	"元件 70027":{"x":442,"y":3055,"w":442,"h":235},
	"元件 70028":{"x":0,"y":3290,"w":442,"h":235},
	"元件 70029":{"x":442,"y":3290,"w":442,"h":235},
	"元件 70030":{"x":0,"y":3525,"w":442,"h":235},
	"元件 70031":{"x":442,"y":3525,"w":442,"h":235},
	"元件 70032":{"x":0,"y":3760,"w":442,"h":235},
	"元件 70033":{"x":442,"y":3760,"w":442,"h":235}
}
}