﻿{
"mc": {
	"元件 2.1": {
		"frameRate":24,
		"labels": [
		],
		"frames": [
			{"res":"元件 2.10000","x":0,"y":0,"duration":2},
			{"res":"元件 2.10002","x":0,"y":0,"duration":2},
			{"res":"元件 2.10004","x":0,"y":0,"duration":2},
			{"res":"元件 2.10006","x":0,"y":0,"duration":2},
			{"res":"元件 2.10008","x":0,"y":0,"duration":2},
			{"res":"元件 2.10010","x":0,"y":0,"duration":2}
		]
	}
},
"res": {
	"元件 2.10000":{"x":0,"y":0,"w":58,"h":32},
	"元件 2.10002":{"x":0,"y":32,"w":58,"h":32},
	"元件 2.10004":{"x":0,"y":64,"w":58,"h":32},
	"元件 2.10006":{"x":0,"y":0,"w":58,"h":32},
	"元件 2.10008":{"x":0,"y":32,"w":58,"h":32},
	"元件 2.10010":{"x":0,"y":64,"w":58,"h":32}
}
}