﻿{
"mc": {
	"元件 3.1": {
		"frameRate":24,
		"labels": [
		],
		"frames": [
			{"res":"元件 3.10000","x":0,"y":0},
			{"res":"元件 3.10001","x":0,"y":0},
			{"res":"元件 3.10002","x":0,"y":0},
			{"res":"元件 3.10003","x":0,"y":0},
			{"res":"元件 3.10004","x":0,"y":0},
			{"res":"元件 3.10005","x":0,"y":0}
		]
	}
},
"res": {
	"元件 3.10000":{"x":0,"y":0,"w":151,"h":141},
	"元件 3.10001":{"x":151,"y":0,"w":151,"h":141},
	"元件 3.10002":{"x":302,"y":0,"w":151,"h":141},
	"元件 3.10003":{"x":0,"y":141,"w":151,"h":141},
	"元件 3.10004":{"x":151,"y":141,"w":151,"h":141},
	"元件 3.10005":{"x":302,"y":141,"w":151,"h":141}
}
}