﻿{
"mc": {
	"元件 2.1": {
		"frameRate":24,
		"labels": [
		],
		"frames": [
			{"res":"元件 2.10000","x":0,"y":0},
			{"res":"元件 2.10001","x":0,"y":0},
			{"res":"元件 2.10002","x":0,"y":0},
			{"res":"元件 2.10003","x":0,"y":0},
			{"res":"元件 2.10004","x":0,"y":0},
			{"res":"元件 2.10005","x":0,"y":0},
			{"res":"元件 2.10006","x":0,"y":0},
			{"res":"元件 2.10007","x":0,"y":0},
			{"res":"元件 2.10008","x":0,"y":0},
			{"res":"元件 2.10009","x":0,"y":0}
		]
	}
},
"res": {
	"元件 2.10000":{"x":0,"y":0,"w":151,"h":141},
	"元件 2.10001":{"x":151,"y":0,"w":151,"h":141},
	"元件 2.10002":{"x":302,"y":0,"w":151,"h":141},
	"元件 2.10003":{"x":0,"y":141,"w":151,"h":141},
	"元件 2.10004":{"x":151,"y":141,"w":151,"h":141},
	"元件 2.10005":{"x":302,"y":141,"w":151,"h":141},
	"元件 2.10006":{"x":151,"y":141,"w":151,"h":141},
	"元件 2.10007":{"x":0,"y":141,"w":151,"h":141},
	"元件 2.10008":{"x":302,"y":0,"w":151,"h":141},
	"元件 2.10009":{"x":151,"y":0,"w":151,"h":141}
}
}