﻿{
"mc": {
	"元件 7": {
		"frameRate":24,
		"labels": [
		],
		"frames": [
			{"res":"元件 70000","x":0,"y":0},
			{"res":"元件 70001","x":0,"y":0},
			{"res":"元件 70002","x":0,"y":0},
			{"res":"元件 70003","x":0,"y":0},
			{"res":"元件 70004","x":0,"y":0},
			{"res":"元件 70005","x":0,"y":0},
			{"res":"元件 70006","x":0,"y":0},
			{"res":"元件 70007","x":0,"y":0},
			{"res":"元件 70008","x":0,"y":0},
			{"res":"元件 70009","x":0,"y":0},
			{"res":"元件 70010","x":0,"y":0},
			{"res":"元件 70011","x":0,"y":0},
			{"res":"元件 70012","x":0,"y":0},
			{"res":"元件 70013","x":0,"y":0},
			{"res":"元件 70014","x":0,"y":0},
			{"res":"元件 70015","x":0,"y":0},
			{"res":"元件 70016","x":0,"y":0},
			{"res":"元件 70017","x":0,"y":0},
			{"res":"元件 70018","x":0,"y":0},
			{"res":"元件 70019","x":0,"y":0},
			{"res":"元件 70020","x":0,"y":0},
			{"res":"元件 70021","x":0,"y":0},
			{"res":"元件 70022","x":0,"y":0},
			{"res":"元件 70023","x":0,"y":0},
			{"res":"元件 70024","x":0,"y":0},
			{"res":"元件 70025","x":0,"y":0},
			{"res":"元件 70026","x":0,"y":0},
			{"res":"元件 70027","x":0,"y":0},
			{"res":"元件 70028","x":0,"y":0},
			{"res":"元件 70029","x":0,"y":0},
			{"res":"元件 70030","x":0,"y":0},
			{"res":"元件 70031","x":0,"y":0},
			{"res":"元件 70032","x":0,"y":0},
			{"res":"元件 70033","x":0,"y":0},
			{"res":"元件 70034","x":0,"y":0},
			{"res":"元件 70035","x":0,"y":0},
			{"res":"元件 70036","x":0,"y":0},
			{"res":"元件 70037","x":0,"y":0},
			{"res":"元件 70038","x":0,"y":0},
			{"res":"元件 70039","x":0,"y":0},
			{"res":"元件 70040","x":0,"y":0},
			{"res":"元件 70041","x":0,"y":0},
			{"res":"元件 70042","x":0,"y":0},
			{"res":"元件 70043","x":0,"y":0},
			{"res":"元件 70044","x":0,"y":0},
			{"res":"元件 70045","x":0,"y":0},
			{"res":"元件 70046","x":0,"y":0},
			{"res":"元件 70047","x":0,"y":0},
			{"res":"元件 70048","x":0,"y":0},
			{"res":"元件 70049","x":0,"y":0},
			{"res":"元件 70050","x":0,"y":0},
			{"res":"元件 70051","x":0,"y":0},
			{"res":"元件 70052","x":0,"y":0},
			{"res":"元件 70053","x":0,"y":0},
			{"res":"元件 70054","x":0,"y":0},
			{"res":"元件 70055","x":0,"y":0}
		]
	}
},
"res": {
	"元件 70000":{"x":0,"y":0,"w":399,"h":189},
	"元件 70001":{"x":399,"y":0,"w":399,"h":189},
	"元件 70002":{"x":798,"y":0,"w":399,"h":189},
	"元件 70003":{"x":1197,"y":0,"w":399,"h":189},
	"元件 70004":{"x":1596,"y":0,"w":399,"h":189},
	"元件 70005":{"x":0,"y":189,"w":399,"h":189},
	"元件 70006":{"x":399,"y":189,"w":399,"h":189},
	"元件 70007":{"x":798,"y":189,"w":399,"h":189},
	"元件 70008":{"x":1197,"y":189,"w":399,"h":189},
	"元件 70009":{"x":1596,"y":189,"w":399,"h":189},
	"元件 70010":{"x":0,"y":378,"w":399,"h":189},
	"元件 70011":{"x":399,"y":378,"w":399,"h":189},
	"元件 70012":{"x":798,"y":378,"w":399,"h":189},
	"元件 70013":{"x":1197,"y":378,"w":399,"h":189},
	"元件 70014":{"x":1596,"y":378,"w":399,"h":189},
	"元件 70015":{"x":0,"y":567,"w":399,"h":189},
	"元件 70016":{"x":399,"y":567,"w":399,"h":189},
	"元件 70017":{"x":798,"y":567,"w":399,"h":189},
	"元件 70018":{"x":1197,"y":567,"w":399,"h":189},
	"元件 70019":{"x":1596,"y":567,"w":399,"h":189},
	"元件 70020":{"x":0,"y":756,"w":399,"h":189},
	"元件 70021":{"x":399,"y":756,"w":399,"h":189},
	"元件 70022":{"x":798,"y":756,"w":399,"h":189},
	"元件 70023":{"x":1197,"y":756,"w":399,"h":189},
	"元件 70024":{"x":1596,"y":756,"w":399,"h":189},
	"元件 70025":{"x":0,"y":945,"w":399,"h":189},
	"元件 70026":{"x":399,"y":945,"w":399,"h":189},
	"元件 70027":{"x":798,"y":945,"w":399,"h":189},
	"元件 70028":{"x":1197,"y":945,"w":399,"h":189},
	"元件 70029":{"x":1596,"y":945,"w":399,"h":189},
	"元件 70030":{"x":0,"y":1134,"w":399,"h":189},
	"元件 70031":{"x":399,"y":1134,"w":399,"h":189},
	"元件 70032":{"x":798,"y":1134,"w":399,"h":189},
	"元件 70033":{"x":1197,"y":1134,"w":399,"h":189},
	"元件 70034":{"x":1596,"y":1134,"w":399,"h":189},
	"元件 70035":{"x":0,"y":1323,"w":399,"h":189},
	"元件 70036":{"x":399,"y":1323,"w":399,"h":189},
	"元件 70037":{"x":798,"y":1323,"w":399,"h":189},
	"元件 70038":{"x":1197,"y":1323,"w":399,"h":189},
	"元件 70039":{"x":1596,"y":1323,"w":399,"h":189},
	"元件 70040":{"x":0,"y":1512,"w":399,"h":189},
	"元件 70041":{"x":399,"y":1512,"w":399,"h":189},
	"元件 70042":{"x":798,"y":1512,"w":399,"h":189},
	"元件 70043":{"x":1197,"y":1512,"w":399,"h":189},
	"元件 70044":{"x":1596,"y":1512,"w":399,"h":189},
	"元件 70045":{"x":0,"y":1701,"w":399,"h":189},
	"元件 70046":{"x":399,"y":1701,"w":399,"h":189},
	"元件 70047":{"x":798,"y":1701,"w":399,"h":189},
	"元件 70048":{"x":1197,"y":1701,"w":399,"h":189},
	"元件 70049":{"x":1596,"y":1701,"w":399,"h":189},
	"元件 70050":{"x":0,"y":1890,"w":399,"h":189},
	"元件 70051":{"x":399,"y":1890,"w":399,"h":189},
	"元件 70052":{"x":798,"y":1890,"w":399,"h":189},
	"元件 70053":{"x":1197,"y":1890,"w":399,"h":189},
	"元件 70054":{"x":1596,"y":1890,"w":399,"h":189},
	"元件 70055":{"x":0,"y":2079,"w":399,"h":189}
}
}