﻿{
"mc": {
	"元件 2": {
		"frameRate":24,
		"labels": [
		],
		"frames": [
			{"res":"元件 20000","x":0,"y":0,"duration":4},
			{"res":"元件 20004","x":0,"y":0},
			{"res":"元件 20005","x":0,"y":0},
			{"res":"元件 20006","x":0,"y":0},
			{"res":"元件 20007","x":0,"y":0},
			{"res":"元件 20008","x":0,"y":0},
			{"res":"元件 20009","x":0,"y":0},
			{"res":"元件 20010","x":0,"y":0},
			{"res":"元件 20011","x":0,"y":0},
			{"res":"元件 20012","x":0,"y":0},
			{"res":"元件 20013","x":0,"y":0},
			{"res":"元件 20014","x":0,"y":0},
			{"res":"元件 20015","x":0,"y":0},
			{"res":"元件 20016","x":0,"y":0},
			{"res":"元件 20017","x":0,"y":0},
			{"res":"元件 20018","x":0,"y":0},
			{"res":"元件 20019","x":0,"y":0},
			{"res":"元件 20020","x":0,"y":0},
			{"res":"元件 20021","x":0,"y":0},
			{"res":"元件 20022","x":0,"y":0},
			{"res":"元件 20023","x":0,"y":0},
			{"res":"元件 20024","x":0,"y":0},
			{"res":"元件 20025","x":0,"y":0},
			{"res":"元件 20026","x":0,"y":0},
			{"res":"元件 20027","x":0,"y":0},
			{"res":"元件 20028","x":0,"y":0},
			{"res":"元件 20029","x":0,"y":0},
			{"res":"元件 20030","x":0,"y":0},
			{"res":"元件 20031","x":0,"y":0},
			{"res":"元件 20032","x":0,"y":0},
			{"res":"元件 20033","x":0,"y":0},
			{"res":"元件 20034","x":0,"y":0},
			{"res":"元件 20035","x":0,"y":0},
			{"res":"元件 20036","x":0,"y":0},
			{"res":"元件 20037","x":0,"y":0}
		]
	}
},
"res": {
	"元件 20000":{"x":0,"y":0,"w":132,"h":56},
	"元件 20004":{"x":132,"y":0,"w":132,"h":56},
	"元件 20005":{"x":264,"y":0,"w":132,"h":56},
	"元件 20006":{"x":0,"y":56,"w":132,"h":56},
	"元件 20007":{"x":132,"y":56,"w":132,"h":56},
	"元件 20008":{"x":264,"y":56,"w":132,"h":56},
	"元件 20009":{"x":0,"y":112,"w":132,"h":56},
	"元件 20010":{"x":132,"y":112,"w":132,"h":56},
	"元件 20011":{"x":264,"y":112,"w":132,"h":56},
	"元件 20012":{"x":0,"y":168,"w":132,"h":56},
	"元件 20013":{"x":132,"y":168,"w":132,"h":56},
	"元件 20014":{"x":264,"y":168,"w":132,"h":56},
	"元件 20015":{"x":0,"y":224,"w":132,"h":56},
	"元件 20016":{"x":132,"y":224,"w":132,"h":56},
	"元件 20017":{"x":264,"y":224,"w":132,"h":56},
	"元件 20018":{"x":0,"y":280,"w":132,"h":56},
	"元件 20019":{"x":132,"y":280,"w":132,"h":56},
	"元件 20020":{"x":264,"y":280,"w":132,"h":56},
	"元件 20021":{"x":0,"y":336,"w":132,"h":56},
	"元件 20022":{"x":132,"y":336,"w":132,"h":56},
	"元件 20023":{"x":264,"y":336,"w":132,"h":56},
	"元件 20024":{"x":0,"y":392,"w":132,"h":56},
	"元件 20025":{"x":132,"y":392,"w":132,"h":56},
	"元件 20026":{"x":264,"y":392,"w":132,"h":56},
	"元件 20027":{"x":0,"y":448,"w":132,"h":56},
	"元件 20028":{"x":132,"y":448,"w":132,"h":56},
	"元件 20029":{"x":264,"y":448,"w":132,"h":56},
	"元件 20030":{"x":0,"y":504,"w":132,"h":56},
	"元件 20031":{"x":132,"y":504,"w":132,"h":56},
	"元件 20032":{"x":264,"y":504,"w":132,"h":56},
	"元件 20033":{"x":0,"y":560,"w":132,"h":56},
	"元件 20034":{"x":132,"y":560,"w":132,"h":56},
	"元件 20035":{"x":264,"y":560,"w":132,"h":56},
	"元件 20036":{"x":0,"y":616,"w":132,"h":56},
	"元件 20037":{"x":132,"y":616,"w":132,"h":56}
}
}