﻿{
"mc": {
	"元件 1": {
		"frameRate":24,
		"labels": [
		],
		"frames": [
			{"res":"元件 10000","x":0,"y":0},
			{"res":"元件 10001","x":0,"y":0},
			{"res":"元件 10002","x":0,"y":0},
			{"res":"元件 10003","x":0,"y":0},
			{"res":"元件 10004","x":0,"y":0},
			{"res":"元件 10005","x":0,"y":0},
			{"res":"元件 10006","x":0,"y":0},
			{"res":"元件 10007","x":0,"y":0},
			{"res":"元件 10008","x":0,"y":0},
			{"res":"元件 10009","x":0,"y":0},
			{"res":"元件 10010","x":0,"y":0},
			{"res":"元件 10011","x":0,"y":0},
			{"res":"元件 10012","x":0,"y":0},
			{"res":"元件 10013","x":0,"y":0},
			{"res":"元件 10014","x":0,"y":0},
			{"res":"元件 10015","x":0,"y":0},
			{"res":"元件 10016","x":0,"y":0},
			{"res":"元件 10017","x":0,"y":0},
			{"res":"元件 10018","x":0,"y":0},
			{"res":"元件 10019","x":0,"y":0},
			{"res":"元件 10020","x":0,"y":0},
			{"res":"元件 10021","x":0,"y":0},
			{"res":"元件 10022","x":0,"y":0},
			{"res":"元件 10023","x":0,"y":0},
			{"res":"元件 10024","x":0,"y":0},
			{"res":"元件 10025","x":0,"y":0},
			{"res":"元件 10026","x":0,"y":0},
			{"res":"元件 10027","x":0,"y":0},
			{"res":"元件 10028","x":0,"y":0},
			{"res":"元件 10029","x":0,"y":0},
			{"res":"元件 10030","x":0,"y":0},
			{"res":"元件 10031","x":0,"y":0},
			{"res":"元件 10032","x":0,"y":0},
			{"res":"元件 10033","x":0,"y":0}
		]
	}
},
"res": {
	"元件 10000":{"x":0,"y":0,"w":442,"h":235},
	"元件 10001":{"x":442,"y":0,"w":442,"h":235},
	"元件 10002":{"x":0,"y":235,"w":442,"h":235},
	"元件 10003":{"x":442,"y":235,"w":442,"h":235},
	"元件 10004":{"x":0,"y":470,"w":442,"h":235},
	"元件 10005":{"x":442,"y":470,"w":442,"h":235},
	"元件 10006":{"x":0,"y":705,"w":442,"h":235},
	"元件 10007":{"x":442,"y":705,"w":442,"h":235},
	"元件 10008":{"x":0,"y":940,"w":442,"h":235},
	"元件 10009":{"x":442,"y":940,"w":442,"h":235},
	"元件 10010":{"x":0,"y":1175,"w":442,"h":235},
	"元件 10011":{"x":442,"y":1175,"w":442,"h":235},
	"元件 10012":{"x":0,"y":1410,"w":442,"h":235},
	"元件 10013":{"x":442,"y":1410,"w":442,"h":235},
	"元件 10014":{"x":0,"y":1645,"w":442,"h":235},
	"元件 10015":{"x":442,"y":1645,"w":442,"h":235},
	"元件 10016":{"x":0,"y":1880,"w":442,"h":235},
	"元件 10017":{"x":442,"y":1880,"w":442,"h":235},
	"元件 10018":{"x":0,"y":2115,"w":442,"h":235},
	"元件 10019":{"x":442,"y":2115,"w":442,"h":235},
	"元件 10020":{"x":0,"y":2350,"w":442,"h":235},
	"元件 10021":{"x":442,"y":2350,"w":442,"h":235},
	"元件 10022":{"x":0,"y":2585,"w":442,"h":235},
	"元件 10023":{"x":442,"y":2585,"w":442,"h":235},
	"元件 10024":{"x":0,"y":2820,"w":442,"h":235},
	"元件 10025":{"x":442,"y":2820,"w":442,"h":235},
	"元件 10026":{"x":0,"y":3055,"w":442,"h":235},
	"元件 10027":{"x":442,"y":3055,"w":442,"h":235},
	"元件 10028":{"x":0,"y":3290,"w":442,"h":235},
	"元件 10029":{"x":442,"y":3290,"w":442,"h":235},
	"元件 10030":{"x":0,"y":3525,"w":442,"h":235},
	"元件 10031":{"x":442,"y":3525,"w":442,"h":235},
	"元件 10032":{"x":0,"y":3760,"w":442,"h":235},
	"元件 10033":{"x":442,"y":3760,"w":442,"h":235}
}
}