﻿{
"mc": {
	"元件 1": {
		"frameRate":24,
		"labels": [
		],
		"frames": [
			{"res":"元件 10000","x":0,"y":0},
			{"res":"元件 10001","x":0,"y":0},
			{"res":"元件 10002","x":0,"y":0},
			{"res":"元件 10003","x":0,"y":0},
			{"res":"元件 10004","x":0,"y":0},
			{"res":"元件 10005","x":0,"y":0},
			{"res":"元件 10006","x":0,"y":0},
			{"res":"元件 10007","x":0,"y":0},
			{"res":"元件 10008","x":0,"y":0},
			{"res":"元件 10009","x":0,"y":0},
			{"res":"元件 10010","x":0,"y":0},
			{"res":"元件 10011","x":0,"y":0},
			{"res":"元件 10012","x":0,"y":0},
			{"res":"元件 10013","x":0,"y":0},
			{"res":"元件 10014","x":0,"y":0},
			{"res":"元件 10015","x":0,"y":0},
			{"res":"元件 10016","x":0,"y":0},
			{"res":"元件 10017","x":0,"y":0},
			{"res":"元件 10018","x":0,"y":0},
			{"res":"元件 10019","x":0,"y":0}
		]
	}
},
"res": {
	"元件 10000":{"x":0,"y":0,"w":66,"h":44},
	"元件 10001":{"x":66,"y":0,"w":66,"h":44},
	"元件 10002":{"x":132,"y":0,"w":66,"h":44},
	"元件 10003":{"x":0,"y":44,"w":66,"h":44},
	"元件 10004":{"x":66,"y":44,"w":66,"h":44},
	"元件 10005":{"x":132,"y":44,"w":66,"h":44},
	"元件 10006":{"x":0,"y":88,"w":66,"h":44},
	"元件 10007":{"x":66,"y":88,"w":66,"h":44},
	"元件 10008":{"x":132,"y":88,"w":66,"h":44},
	"元件 10009":{"x":0,"y":132,"w":66,"h":44},
	"元件 10010":{"x":66,"y":132,"w":66,"h":44},
	"元件 10011":{"x":132,"y":132,"w":66,"h":44},
	"元件 10012":{"x":0,"y":176,"w":66,"h":44},
	"元件 10013":{"x":66,"y":176,"w":66,"h":44},
	"元件 10014":{"x":132,"y":176,"w":66,"h":44},
	"元件 10015":{"x":0,"y":220,"w":66,"h":44},
	"元件 10016":{"x":66,"y":220,"w":66,"h":44},
	"元件 10017":{"x":132,"y":220,"w":66,"h":44},
	"元件 10018":{"x":0,"y":264,"w":66,"h":44},
	"元件 10019":{"x":66,"y":264,"w":66,"h":44}
}
}