﻿{
"mc": {
	"元件 4": {
		"frameRate":24,
		"labels": [
		],
		"frames": [
			{"res":"元件 40000","x":0,"y":0},
			{"res":"元件 40001","x":0,"y":0},
			{"res":"元件 40002","x":0,"y":0},
			{"res":"元件 40003","x":0,"y":0},
			{"res":"元件 40004","x":0,"y":0},
			{"res":"元件 40005","x":0,"y":0},
			{"res":"元件 40006","x":0,"y":0},
			{"res":"元件 40007","x":0,"y":0},
			{"res":"元件 40008","x":0,"y":0},
			{"res":"元件 40009","x":0,"y":0},
			{"res":"元件 40010","x":0,"y":0},
			{"res":"元件 40011","x":0,"y":0},
			{"res":"元件 40012","x":0,"y":0},
			{"res":"元件 40013","x":0,"y":0},
			{"res":"元件 40014","x":0,"y":0},
			{"res":"元件 40015","x":0,"y":0},
			{"res":"元件 40016","x":0,"y":0},
			{"res":"元件 40017","x":0,"y":0},
			{"res":"元件 40018","x":0,"y":0},
			{"res":"元件 40019","x":0,"y":0},
			{"res":"元件 40020","x":0,"y":0},
			{"res":"元件 40021","x":0,"y":0},
			{"res":"元件 40022","x":0,"y":0},
			{"res":"元件 40023","x":0,"y":0},
			{"res":"元件 40024","x":0,"y":0},
			{"res":"元件 40025","x":0,"y":0},
			{"res":"元件 40026","x":0,"y":0},
			{"res":"元件 40027","x":0,"y":0},
			{"res":"元件 40028","x":0,"y":0},
			{"res":"元件 40029","x":0,"y":0},
			{"res":"元件 40030","x":0,"y":0},
			{"res":"元件 40031","x":0,"y":0},
			{"res":"元件 40032","x":0,"y":0},
			{"res":"元件 40033","x":0,"y":0},
			{"res":"元件 40034","x":0,"y":0},
			{"res":"元件 40035","x":0,"y":0},
			{"res":"元件 40036","x":0,"y":0},
			{"res":"元件 40037","x":0,"y":0},
			{"res":"元件 40038","x":0,"y":0}
		]
	}
},
"res": {
	"元件 40000":{"x":0,"y":0,"w":137,"h":103},
	"元件 40001":{"x":137,"y":0,"w":137,"h":103},
	"元件 40002":{"x":274,"y":0,"w":137,"h":103},
	"元件 40003":{"x":411,"y":0,"w":137,"h":103},
	"元件 40004":{"x":548,"y":0,"w":137,"h":103},
	"元件 40005":{"x":685,"y":0,"w":137,"h":103},
	"元件 40006":{"x":822,"y":0,"w":137,"h":103},
	"元件 40007":{"x":0,"y":103,"w":137,"h":103},
	"元件 40008":{"x":137,"y":103,"w":137,"h":103},
	"元件 40009":{"x":274,"y":103,"w":137,"h":103},
	"元件 40010":{"x":411,"y":103,"w":137,"h":103},
	"元件 40011":{"x":548,"y":103,"w":137,"h":103},
	"元件 40012":{"x":685,"y":103,"w":137,"h":103},
	"元件 40013":{"x":822,"y":103,"w":137,"h":103},
	"元件 40014":{"x":0,"y":206,"w":137,"h":103},
	"元件 40015":{"x":137,"y":206,"w":137,"h":103},
	"元件 40016":{"x":274,"y":206,"w":137,"h":103},
	"元件 40017":{"x":411,"y":206,"w":137,"h":103},
	"元件 40018":{"x":548,"y":206,"w":137,"h":103},
	"元件 40019":{"x":685,"y":206,"w":137,"h":103},
	"元件 40020":{"x":822,"y":206,"w":137,"h":103},
	"元件 40021":{"x":0,"y":309,"w":137,"h":103},
	"元件 40022":{"x":137,"y":309,"w":137,"h":103},
	"元件 40023":{"x":274,"y":309,"w":137,"h":103},
	"元件 40024":{"x":411,"y":309,"w":137,"h":103},
	"元件 40025":{"x":548,"y":309,"w":137,"h":103},
	"元件 40026":{"x":685,"y":309,"w":137,"h":103},
	"元件 40027":{"x":822,"y":309,"w":137,"h":103},
	"元件 40028":{"x":0,"y":412,"w":137,"h":103},
	"元件 40029":{"x":137,"y":412,"w":137,"h":103},
	"元件 40030":{"x":274,"y":412,"w":137,"h":103},
	"元件 40031":{"x":411,"y":412,"w":137,"h":103},
	"元件 40032":{"x":548,"y":412,"w":137,"h":103},
	"元件 40033":{"x":685,"y":412,"w":137,"h":103},
	"元件 40034":{"x":822,"y":412,"w":137,"h":103},
	"元件 40035":{"x":0,"y":515,"w":137,"h":103},
	"元件 40036":{"x":137,"y":515,"w":137,"h":103},
	"元件 40037":{"x":274,"y":515,"w":137,"h":103},
	"元件 40038":{"x":411,"y":515,"w":137,"h":103}
}
}