﻿{
"mc": {
	"元件 1": {
		"frameRate":24,
		"labels": [
		],
		"frames": [
			{"res":"元件 10000","x":0,"y":0},
			{"res":"元件 10001","x":0,"y":0},
			{"res":"元件 10002","x":0,"y":0},
			{"res":"元件 10003","x":0,"y":0},
			{"res":"元件 10004","x":0,"y":0},
			{"res":"元件 10005","x":0,"y":0},
			{"res":"元件 10006","x":0,"y":0},
			{"res":"元件 10007","x":0,"y":0},
			{"res":"元件 10008","x":0,"y":0},
			{"res":"元件 10009","x":0,"y":0},
			{"res":"元件 10010","x":0,"y":0},
			{"res":"元件 10011","x":0,"y":0},
			{"res":"元件 10012","x":0,"y":0},
			{"res":"元件 10013","x":0,"y":0},
			{"res":"元件 10014","x":0,"y":0},
			{"res":"元件 10015","x":0,"y":0},
			{"res":"元件 10016","x":0,"y":0},
			{"res":"元件 10017","x":0,"y":0},
			{"res":"元件 10018","x":0,"y":0},
			{"res":"元件 10019","x":0,"y":0},
			{"res":"元件 10020","x":0,"y":0},
			{"res":"元件 10021","x":0,"y":0},
			{"res":"元件 10022","x":0,"y":0}
		]
	}
},
"res": {
	"元件 10000":{"x":0,"y":0,"w":81,"h":50},
	"元件 10001":{"x":81,"y":0,"w":81,"h":50},
	"元件 10002":{"x":162,"y":0,"w":81,"h":50},
	"元件 10003":{"x":0,"y":50,"w":81,"h":50},
	"元件 10004":{"x":81,"y":50,"w":81,"h":50},
	"元件 10005":{"x":162,"y":50,"w":81,"h":50},
	"元件 10006":{"x":0,"y":100,"w":81,"h":50},
	"元件 10007":{"x":81,"y":100,"w":81,"h":50},
	"元件 10008":{"x":162,"y":100,"w":81,"h":50},
	"元件 10009":{"x":0,"y":150,"w":81,"h":50},
	"元件 10010":{"x":81,"y":150,"w":81,"h":50},
	"元件 10011":{"x":162,"y":150,"w":81,"h":50},
	"元件 10012":{"x":0,"y":200,"w":81,"h":50},
	"元件 10013":{"x":81,"y":200,"w":81,"h":50},
	"元件 10014":{"x":162,"y":200,"w":81,"h":50},
	"元件 10015":{"x":0,"y":250,"w":81,"h":50},
	"元件 10016":{"x":81,"y":250,"w":81,"h":50},
	"元件 10017":{"x":162,"y":250,"w":81,"h":50},
	"元件 10018":{"x":0,"y":300,"w":81,"h":50},
	"元件 10019":{"x":81,"y":300,"w":81,"h":50},
	"元件 10020":{"x":162,"y":300,"w":81,"h":50},
	"元件 10021":{"x":0,"y":350,"w":81,"h":50},
	"元件 10022":{"x":81,"y":350,"w":81,"h":50}
}
}