﻿{
"mc": {
	"元件 6": {
		"frameRate":24,
		"labels": [
		],
		"frames": [
			{"res":"元件 60000","x":0,"y":0},
			{"res":"元件 60001","x":0,"y":0},
			{"res":"元件 60002","x":0,"y":0},
			{"res":"元件 60003","x":0,"y":0},
			{"res":"元件 60004","x":0,"y":0},
			{"res":"元件 60005","x":0,"y":0},
			{"res":"元件 60006","x":0,"y":0},
			{"res":"元件 60007","x":0,"y":0},
			{"res":"元件 60008","x":0,"y":0},
			{"res":"元件 60009","x":0,"y":0},
			{"res":"元件 60010","x":0,"y":0},
			{"res":"元件 60011","x":0,"y":0},
			{"res":"元件 60012","x":0,"y":0},
			{"res":"元件 60013","x":0,"y":0},
			{"res":"元件 60014","x":0,"y":0},
			{"res":"元件 60015","x":0,"y":0},
			{"res":"元件 60016","x":0,"y":0},
			{"res":"元件 60017","x":0,"y":0},
			{"res":"元件 60018","x":0,"y":0},
			{"res":"元件 60019","x":0,"y":0},
			{"res":"元件 60020","x":0,"y":0},
			{"res":"元件 60021","x":0,"y":0},
			{"res":"元件 60022","x":0,"y":0},
			{"res":"元件 60023","x":0,"y":0},
			{"res":"元件 60024","x":0,"y":0},
			{"res":"元件 60025","x":0,"y":0},
			{"res":"元件 60026","x":0,"y":0},
			{"res":"元件 60027","x":0,"y":0},
			{"res":"元件 60028","x":0,"y":0},
			{"res":"元件 60029","x":0,"y":0},
			{"res":"元件 60030","x":0,"y":0},
			{"res":"元件 60031","x":0,"y":0},
			{"res":"元件 60032","x":0,"y":0},
			{"res":"元件 60033","x":0,"y":0},
			{"res":"元件 60034","x":0,"y":0},
			{"res":"元件 60035","x":0,"y":0},
			{"res":"元件 60036","x":0,"y":0},
			{"res":"元件 60037","x":0,"y":0},
			{"res":"元件 60038","x":0,"y":0}
		]
	}
},
"res": {
	"元件 60000":{"x":0,"y":0,"w":158,"h":158},
	"元件 60001":{"x":158,"y":0,"w":158,"h":158},
	"元件 60002":{"x":316,"y":0,"w":158,"h":158},
	"元件 60003":{"x":474,"y":0,"w":158,"h":158},
	"元件 60004":{"x":632,"y":0,"w":158,"h":158},
	"元件 60005":{"x":790,"y":0,"w":158,"h":158},
	"元件 60006":{"x":0,"y":158,"w":158,"h":158},
	"元件 60007":{"x":158,"y":158,"w":158,"h":158},
	"元件 60008":{"x":316,"y":158,"w":158,"h":158},
	"元件 60009":{"x":474,"y":158,"w":158,"h":158},
	"元件 60010":{"x":632,"y":158,"w":158,"h":158},
	"元件 60011":{"x":790,"y":158,"w":158,"h":158},
	"元件 60012":{"x":0,"y":316,"w":158,"h":158},
	"元件 60013":{"x":158,"y":316,"w":158,"h":158},
	"元件 60014":{"x":316,"y":316,"w":158,"h":158},
	"元件 60015":{"x":474,"y":316,"w":158,"h":158},
	"元件 60016":{"x":632,"y":316,"w":158,"h":158},
	"元件 60017":{"x":790,"y":316,"w":158,"h":158},
	"元件 60018":{"x":0,"y":474,"w":158,"h":158},
	"元件 60019":{"x":158,"y":474,"w":158,"h":158},
	"元件 60020":{"x":316,"y":474,"w":158,"h":158},
	"元件 60021":{"x":474,"y":474,"w":158,"h":158},
	"元件 60022":{"x":632,"y":474,"w":158,"h":158},
	"元件 60023":{"x":790,"y":474,"w":158,"h":158},
	"元件 60024":{"x":0,"y":632,"w":158,"h":158},
	"元件 60025":{"x":158,"y":632,"w":158,"h":158},
	"元件 60026":{"x":316,"y":632,"w":158,"h":158},
	"元件 60027":{"x":474,"y":632,"w":158,"h":158},
	"元件 60028":{"x":632,"y":632,"w":158,"h":158},
	"元件 60029":{"x":790,"y":632,"w":158,"h":158},
	"元件 60030":{"x":0,"y":790,"w":158,"h":158},
	"元件 60031":{"x":158,"y":790,"w":158,"h":158},
	"元件 60032":{"x":316,"y":790,"w":158,"h":158},
	"元件 60033":{"x":474,"y":790,"w":158,"h":158},
	"元件 60034":{"x":632,"y":790,"w":158,"h":158},
	"元件 60035":{"x":790,"y":790,"w":158,"h":158},
	"元件 60036":{"x":0,"y":948,"w":158,"h":158},
	"元件 60037":{"x":158,"y":948,"w":158,"h":158},
	"元件 60038":{"x":316,"y":948,"w":158,"h":158}
}
}