﻿{
"mc": {
	"元件 2": {
		"frameRate":24,
		"labels": [
		],
		"frames": [
			{"res":"元件 20000","x":0,"y":0},
			{"res":"元件 20001","x":0,"y":0},
			{"res":"元件 20002","x":0,"y":0},
			{"res":"元件 20003","x":0,"y":0},
			{"res":"元件 20004","x":0,"y":0},
			{"res":"元件 20005","x":0,"y":0},
			{"res":"元件 20006","x":0,"y":0},
			{"res":"元件 20007","x":0,"y":0},
			{"res":"元件 20008","x":0,"y":0},
			{"res":"元件 20009","x":0,"y":0},
			{"res":"元件 20010","x":0,"y":0},
			{"res":"元件 20011","x":0,"y":0},
			{"res":"元件 20012","x":0,"y":0},
			{"res":"元件 20013","x":0,"y":0},
			{"res":"元件 20014","x":0,"y":0},
			{"res":"元件 20015","x":0,"y":0},
			{"res":"元件 20016","x":0,"y":0},
			{"res":"元件 20017","x":0,"y":0},
			{"res":"元件 20018","x":0,"y":0},
			{"res":"元件 20019","x":0,"y":0},
			{"res":"元件 20020","x":0,"y":0},
			{"res":"元件 20021","x":0,"y":0},
			{"res":"元件 20022","x":0,"y":0}
		]
	}
},
"res": {
	"元件 20000":{"x":0,"y":0,"w":68,"h":42},
	"元件 20001":{"x":68,"y":0,"w":68,"h":42},
	"元件 20002":{"x":136,"y":0,"w":68,"h":42},
	"元件 20003":{"x":0,"y":42,"w":68,"h":42},
	"元件 20004":{"x":68,"y":42,"w":68,"h":42},
	"元件 20005":{"x":136,"y":42,"w":68,"h":42},
	"元件 20006":{"x":0,"y":84,"w":68,"h":42},
	"元件 20007":{"x":68,"y":84,"w":68,"h":42},
	"元件 20008":{"x":136,"y":84,"w":68,"h":42},
	"元件 20009":{"x":0,"y":126,"w":68,"h":42},
	"元件 20010":{"x":68,"y":126,"w":68,"h":42},
	"元件 20011":{"x":136,"y":126,"w":68,"h":42},
	"元件 20012":{"x":0,"y":168,"w":68,"h":42},
	"元件 20013":{"x":68,"y":168,"w":68,"h":42},
	"元件 20014":{"x":136,"y":168,"w":68,"h":42},
	"元件 20015":{"x":0,"y":210,"w":68,"h":42},
	"元件 20016":{"x":68,"y":210,"w":68,"h":42},
	"元件 20017":{"x":136,"y":210,"w":68,"h":42},
	"元件 20018":{"x":0,"y":252,"w":68,"h":42},
	"元件 20019":{"x":68,"y":252,"w":68,"h":42},
	"元件 20020":{"x":136,"y":252,"w":68,"h":42},
	"元件 20021":{"x":0,"y":294,"w":68,"h":42},
	"元件 20022":{"x":68,"y":294,"w":68,"h":42}
}
}