﻿{
"mc": {
	"元件 2": {
		"frameRate":24,
		"labels": [
		],
		"frames": [
			{"res":"元件 20000","x":0,"y":0},
			{"res":"元件 20001","x":0,"y":0},
			{"res":"元件 20002","x":0,"y":0},
			{"res":"元件 20003","x":0,"y":0},
			{"res":"元件 20004","x":0,"y":0},
			{"res":"元件 20005","x":0,"y":0},
			{"res":"元件 20006","x":0,"y":0},
			{"res":"元件 20007","x":0,"y":0},
			{"res":"元件 20008","x":0,"y":0},
			{"res":"元件 20009","x":0,"y":0},
			{"res":"元件 20010","x":0,"y":0},
			{"res":"元件 20011","x":0,"y":0},
			{"res":"元件 20012","x":0,"y":0},
			{"res":"元件 20013","x":0,"y":0},
			{"res":"元件 20014","x":0,"y":0},
			{"res":"元件 20015","x":0,"y":0},
			{"res":"元件 20016","x":0,"y":0},
			{"res":"元件 20017","x":0,"y":0},
			{"res":"元件 20018","x":0,"y":0},
			{"res":"元件 20019","x":0,"y":0},
			{"res":"元件 20020","x":0,"y":0},
			{"res":"元件 20021","x":0,"y":0},
			{"res":"元件 20022","x":0,"y":0},
			{"res":"元件 20023","x":0,"y":0},
			{"res":"元件 20024","x":0,"y":0},
			{"res":"元件 20025","x":0,"y":0},
			{"res":"元件 20026","x":0,"y":0},
			{"res":"元件 20027","x":0,"y":0},
			{"res":"元件 20028","x":0,"y":0},
			{"res":"元件 20029","x":0,"y":0},
			{"res":"元件 20030","x":0,"y":0},
			{"res":"元件 20031","x":0,"y":0}
		]
	}
},
"res": {
	"元件 20000":{"x":0,"y":0,"w":176,"h":117},
	"元件 20001":{"x":176,"y":0,"w":176,"h":117},
	"元件 20002":{"x":352,"y":0,"w":176,"h":117},
	"元件 20003":{"x":528,"y":0,"w":176,"h":117},
	"元件 20004":{"x":704,"y":0,"w":176,"h":117},
	"元件 20005":{"x":0,"y":117,"w":176,"h":117},
	"元件 20006":{"x":176,"y":117,"w":176,"h":117},
	"元件 20007":{"x":352,"y":117,"w":176,"h":117},
	"元件 20008":{"x":528,"y":117,"w":176,"h":117},
	"元件 20009":{"x":704,"y":117,"w":176,"h":117},
	"元件 20010":{"x":0,"y":234,"w":176,"h":117},
	"元件 20011":{"x":176,"y":234,"w":176,"h":117},
	"元件 20012":{"x":352,"y":234,"w":176,"h":117},
	"元件 20013":{"x":528,"y":234,"w":176,"h":117},
	"元件 20014":{"x":704,"y":234,"w":176,"h":117},
	"元件 20015":{"x":0,"y":351,"w":176,"h":117},
	"元件 20016":{"x":176,"y":351,"w":176,"h":117},
	"元件 20017":{"x":352,"y":351,"w":176,"h":117},
	"元件 20018":{"x":528,"y":351,"w":176,"h":117},
	"元件 20019":{"x":704,"y":351,"w":176,"h":117},
	"元件 20020":{"x":0,"y":468,"w":176,"h":117},
	"元件 20021":{"x":176,"y":468,"w":176,"h":117},
	"元件 20022":{"x":352,"y":468,"w":176,"h":117},
	"元件 20023":{"x":528,"y":468,"w":176,"h":117},
	"元件 20024":{"x":704,"y":468,"w":176,"h":117},
	"元件 20025":{"x":0,"y":585,"w":176,"h":117},
	"元件 20026":{"x":176,"y":585,"w":176,"h":117},
	"元件 20027":{"x":352,"y":585,"w":176,"h":117},
	"元件 20028":{"x":528,"y":585,"w":176,"h":117},
	"元件 20029":{"x":704,"y":585,"w":176,"h":117},
	"元件 20030":{"x":0,"y":702,"w":176,"h":117},
	"元件 20031":{"x":176,"y":702,"w":176,"h":117}
}
}