﻿{
"mc": {
	"元件 3.1": {
		"frameRate":24,
		"labels": [
		],
		"frames": [
			{"res":"元件 3.10000","x":0,"y":0,"duration":2},
			{"res":"元件 3.10002","x":0,"y":0,"duration":2},
			{"res":"元件 3.10004","x":0,"y":0,"duration":2},
			{"res":"元件 3.10006","x":0,"y":0,"duration":2},
			{"res":"元件 3.10008","x":0,"y":0,"duration":2},
			{"res":"元件 3.10010","x":0,"y":0,"duration":2}
		]
	}
},
"res": {
	"元件 3.10000":{"x":0,"y":0,"w":51,"h":21},
	"元件 3.10002":{"x":0,"y":21,"w":51,"h":21},
	"元件 3.10004":{"x":0,"y":42,"w":51,"h":21},
	"元件 3.10006":{"x":0,"y":0,"w":51,"h":21},
	"元件 3.10008":{"x":0,"y":21,"w":51,"h":21},
	"元件 3.10010":{"x":0,"y":42,"w":51,"h":21}
}
}