﻿{
"mc": {
	"元件 6": {
		"frameRate":24,
		"labels": [
		],
		"frames": [
			{"res":"元件 60000","x":0,"y":0},
			{"res":"元件 60001","x":0,"y":0},
			{"res":"元件 60002","x":0,"y":0},
			{"res":"元件 60003","x":0,"y":0},
			{"res":"元件 60004","x":0,"y":0},
			{"res":"元件 60005","x":0,"y":0},
			{"res":"元件 60006","x":0,"y":0},
			{"res":"元件 60007","x":0,"y":0},
			{"res":"元件 60008","x":0,"y":0},
			{"res":"元件 60009","x":0,"y":0},
			{"res":"元件 60010","x":0,"y":0},
			{"res":"元件 60011","x":0,"y":0},
			{"res":"元件 60012","x":0,"y":0},
			{"res":"元件 60013","x":0,"y":0},
			{"res":"元件 60014","x":0,"y":0},
			{"res":"元件 60015","x":0,"y":0},
			{"res":"元件 60016","x":0,"y":0},
			{"res":"元件 60017","x":0,"y":0},
			{"res":"元件 60018","x":0,"y":0}
		]
	}
},
"res": {
	"元件 60000":{"x":0,"y":0,"w":60,"h":39},
	"元件 60001":{"x":60,"y":0,"w":60,"h":39},
	"元件 60002":{"x":120,"y":0,"w":60,"h":39},
	"元件 60003":{"x":180,"y":0,"w":60,"h":39},
	"元件 60004":{"x":0,"y":39,"w":60,"h":39},
	"元件 60005":{"x":60,"y":39,"w":60,"h":39},
	"元件 60006":{"x":120,"y":39,"w":60,"h":39},
	"元件 60007":{"x":180,"y":39,"w":60,"h":39},
	"元件 60008":{"x":0,"y":78,"w":60,"h":39},
	"元件 60009":{"x":60,"y":78,"w":60,"h":39},
	"元件 60010":{"x":120,"y":78,"w":60,"h":39},
	"元件 60011":{"x":180,"y":78,"w":60,"h":39},
	"元件 60012":{"x":0,"y":117,"w":60,"h":39},
	"元件 60013":{"x":60,"y":117,"w":60,"h":39},
	"元件 60014":{"x":120,"y":117,"w":60,"h":39},
	"元件 60015":{"x":180,"y":117,"w":60,"h":39},
	"元件 60016":{"x":0,"y":156,"w":60,"h":39},
	"元件 60017":{"x":60,"y":156,"w":60,"h":39},
	"元件 60018":{"x":120,"y":156,"w":60,"h":39}
}
}