﻿{
"mc": {
	"元件 6": {
		"frameRate":24,
		"labels": [
		],
		"frames": [
			{"res":"元件 60000","x":0,"y":0},
			{"res":"元件 60001","x":0,"y":0},
			{"res":"元件 60002","x":0,"y":0},
			{"res":"元件 60003","x":0,"y":0},
			{"res":"元件 60004","x":0,"y":0},
			{"res":"元件 60005","x":0,"y":0},
			{"res":"元件 60006","x":0,"y":0},
			{"res":"元件 60007","x":0,"y":0},
			{"res":"元件 60008","x":0,"y":0},
			{"res":"元件 60009","x":0,"y":0},
			{"res":"元件 60010","x":0,"y":0},
			{"res":"元件 60011","x":0,"y":0},
			{"res":"元件 60012","x":0,"y":0},
			{"res":"元件 60013","x":0,"y":0},
			{"res":"元件 60014","x":0,"y":0},
			{"res":"元件 60015","x":0,"y":0},
			{"res":"元件 60016","x":0,"y":0},
			{"res":"元件 60017","x":0,"y":0},
			{"res":"元件 60018","x":0,"y":0},
			{"res":"元件 60019","x":0,"y":0},
			{"res":"元件 60020","x":0,"y":0},
			{"res":"元件 60021","x":0,"y":0},
			{"res":"元件 60022","x":0,"y":0},
			{"res":"元件 60023","x":0,"y":0},
			{"res":"元件 60024","x":0,"y":0},
			{"res":"元件 60025","x":0,"y":0},
			{"res":"元件 60026","x":0,"y":0},
			{"res":"元件 60027","x":0,"y":0},
			{"res":"元件 60028","x":0,"y":0},
			{"res":"元件 60029","x":0,"y":0},
			{"res":"元件 60030","x":0,"y":0},
			{"res":"元件 60031","x":0,"y":0},
			{"res":"元件 60032","x":0,"y":0},
			{"res":"元件 60033","x":0,"y":0},
			{"res":"元件 60034","x":0,"y":0},
			{"res":"元件 60035","x":0,"y":0},
			{"res":"元件 60036","x":0,"y":0},
			{"res":"元件 60037","x":0,"y":0},
			{"res":"元件 60038","x":0,"y":0},
			{"res":"元件 60039","x":0,"y":0},
			{"res":"元件 60040","x":0,"y":0},
			{"res":"元件 60041","x":0,"y":0},
			{"res":"元件 60042","x":0,"y":0},
			{"res":"元件 60043","x":0,"y":0},
			{"res":"元件 60044","x":0,"y":0},
			{"res":"元件 60045","x":0,"y":0},
			{"res":"元件 60046","x":0,"y":0},
			{"res":"元件 60047","x":0,"y":0},
			{"res":"元件 60048","x":0,"y":0},
			{"res":"元件 60049","x":0,"y":0},
			{"res":"元件 60050","x":0,"y":0},
			{"res":"元件 60051","x":0,"y":0},
			{"res":"元件 60052","x":0,"y":0},
			{"res":"元件 60053","x":0,"y":0},
			{"res":"元件 60054","x":0,"y":0},
			{"res":"元件 60055","x":0,"y":0},
			{"res":"元件 60056","x":0,"y":0},
			{"res":"元件 60057","x":0,"y":0},
			{"res":"元件 60058","x":0,"y":0},
			{"res":"元件 60059","x":0,"y":0}
		]
	}
},
"res": {
	"元件 60000":{"x":0,"y":0,"w":128,"h":112},
	"元件 60001":{"x":128,"y":0,"w":128,"h":112},
	"元件 60002":{"x":256,"y":0,"w":128,"h":112},
	"元件 60003":{"x":384,"y":0,"w":128,"h":112},
	"元件 60004":{"x":512,"y":0,"w":128,"h":112},
	"元件 60005":{"x":640,"y":0,"w":128,"h":112},
	"元件 60006":{"x":768,"y":0,"w":128,"h":112},
	"元件 60007":{"x":896,"y":0,"w":128,"h":112},
	"元件 60008":{"x":0,"y":112,"w":128,"h":112},
	"元件 60009":{"x":128,"y":112,"w":128,"h":112},
	"元件 60010":{"x":256,"y":112,"w":128,"h":112},
	"元件 60011":{"x":384,"y":112,"w":128,"h":112},
	"元件 60012":{"x":512,"y":112,"w":128,"h":112},
	"元件 60013":{"x":640,"y":112,"w":128,"h":112},
	"元件 60014":{"x":768,"y":112,"w":128,"h":112},
	"元件 60015":{"x":896,"y":112,"w":128,"h":112},
	"元件 60016":{"x":0,"y":224,"w":128,"h":112},
	"元件 60017":{"x":128,"y":224,"w":128,"h":112},
	"元件 60018":{"x":256,"y":224,"w":128,"h":112},
	"元件 60019":{"x":384,"y":224,"w":128,"h":112},
	"元件 60020":{"x":512,"y":224,"w":128,"h":112},
	"元件 60021":{"x":640,"y":224,"w":128,"h":112},
	"元件 60022":{"x":768,"y":224,"w":128,"h":112},
	"元件 60023":{"x":896,"y":224,"w":128,"h":112},
	"元件 60024":{"x":0,"y":336,"w":128,"h":112},
	"元件 60025":{"x":128,"y":336,"w":128,"h":112},
	"元件 60026":{"x":256,"y":336,"w":128,"h":112},
	"元件 60027":{"x":384,"y":336,"w":128,"h":112},
	"元件 60028":{"x":512,"y":336,"w":128,"h":112},
	"元件 60029":{"x":640,"y":336,"w":128,"h":112},
	"元件 60030":{"x":768,"y":336,"w":128,"h":112},
	"元件 60031":{"x":896,"y":336,"w":128,"h":112},
	"元件 60032":{"x":0,"y":448,"w":128,"h":112},
	"元件 60033":{"x":128,"y":448,"w":128,"h":112},
	"元件 60034":{"x":256,"y":448,"w":128,"h":112},
	"元件 60035":{"x":384,"y":448,"w":128,"h":112},
	"元件 60036":{"x":512,"y":448,"w":128,"h":112},
	"元件 60037":{"x":640,"y":448,"w":128,"h":112},
	"元件 60038":{"x":768,"y":448,"w":128,"h":112},
	"元件 60039":{"x":896,"y":448,"w":128,"h":112},
	"元件 60040":{"x":0,"y":560,"w":128,"h":112},
	"元件 60041":{"x":128,"y":560,"w":128,"h":112},
	"元件 60042":{"x":256,"y":560,"w":128,"h":112},
	"元件 60043":{"x":384,"y":560,"w":128,"h":112},
	"元件 60044":{"x":512,"y":560,"w":128,"h":112},
	"元件 60045":{"x":640,"y":560,"w":128,"h":112},
	"元件 60046":{"x":768,"y":560,"w":128,"h":112},
	"元件 60047":{"x":896,"y":560,"w":128,"h":112},
	"元件 60048":{"x":0,"y":672,"w":128,"h":112},
	"元件 60049":{"x":128,"y":672,"w":128,"h":112},
	"元件 60050":{"x":256,"y":672,"w":128,"h":112},
	"元件 60051":{"x":384,"y":672,"w":128,"h":112},
	"元件 60052":{"x":512,"y":672,"w":128,"h":112},
	"元件 60053":{"x":640,"y":672,"w":128,"h":112},
	"元件 60054":{"x":768,"y":672,"w":128,"h":112},
	"元件 60055":{"x":896,"y":672,"w":128,"h":112},
	"元件 60056":{"x":0,"y":784,"w":128,"h":112},
	"元件 60057":{"x":128,"y":784,"w":128,"h":112},
	"元件 60058":{"x":256,"y":784,"w":128,"h":112},
	"元件 60059":{"x":384,"y":784,"w":128,"h":112}
}
}