﻿{
"mc": {
	"元件 2": {
		"frameRate":24,
		"labels": [
		],
		"frames": [
			{"res":"元件 20000","x":0,"y":0},
			{"res":"元件 20001","x":0,"y":0},
			{"res":"元件 20002","x":0,"y":0},
			{"res":"元件 20003","x":0,"y":0},
			{"res":"元件 20004","x":0,"y":0},
			{"res":"元件 20005","x":0,"y":0},
			{"res":"元件 20006","x":0,"y":0},
			{"res":"元件 20007","x":0,"y":0},
			{"res":"元件 20008","x":0,"y":0},
			{"res":"元件 20009","x":0,"y":0},
			{"res":"元件 20010","x":0,"y":0}
		]
	}
},
"res": {
	"元件 20000":{"x":0,"y":0,"w":151,"h":141},
	"元件 20001":{"x":151,"y":0,"w":151,"h":141},
	"元件 20002":{"x":302,"y":0,"w":151,"h":141},
	"元件 20003":{"x":0,"y":141,"w":151,"h":141},
	"元件 20004":{"x":151,"y":141,"w":151,"h":141},
	"元件 20005":{"x":302,"y":141,"w":151,"h":141},
	"元件 20006":{"x":0,"y":282,"w":151,"h":141},
	"元件 20007":{"x":151,"y":282,"w":151,"h":141},
	"元件 20008":{"x":302,"y":282,"w":151,"h":141},
	"元件 20009":{"x":0,"y":423,"w":151,"h":141},
	"元件 20010":{"x":151,"y":423,"w":151,"h":141}
}
}