﻿{
"mc": {
	"元件 3": {
		"frameRate":24,
		"labels": [
		],
		"frames": [
			{"res":"元件 30000","x":0,"y":0},
			{"res":"元件 30001","x":0,"y":0},
			{"res":"元件 30002","x":0,"y":0},
			{"res":"元件 30003","x":0,"y":0},
			{"res":"元件 30004","x":0,"y":0},
			{"res":"元件 30005","x":0,"y":0},
			{"res":"元件 30006","x":0,"y":0},
			{"res":"元件 30007","x":0,"y":0},
			{"res":"元件 30008","x":0,"y":0},
			{"res":"元件 30009","x":0,"y":0},
			{"res":"元件 30010","x":0,"y":0},
			{"res":"元件 30011","x":0,"y":0},
			{"res":"元件 30012","x":0,"y":0},
			{"res":"元件 30013","x":0,"y":0},
			{"res":"元件 30014","x":0,"y":0},
			{"res":"元件 30015","x":0,"y":0},
			{"res":"元件 30016","x":0,"y":0},
			{"res":"元件 30017","x":0,"y":0},
			{"res":"元件 30018","x":0,"y":0},
			{"res":"元件 30019","x":0,"y":0},
			{"res":"元件 30020","x":0,"y":0},
			{"res":"元件 30021","x":0,"y":0},
			{"res":"元件 30022","x":0,"y":0},
			{"res":"元件 30023","x":0,"y":0},
			{"res":"元件 30024","x":0,"y":0},
			{"res":"元件 30025","x":0,"y":0},
			{"res":"元件 30026","x":0,"y":0},
			{"res":"元件 30027","x":0,"y":0},
			{"res":"元件 30028","x":0,"y":0},
			{"res":"元件 30029","x":0,"y":0},
			{"res":"元件 30030","x":0,"y":0},
			{"res":"元件 30031","x":0,"y":0},
			{"res":"元件 30032","x":0,"y":0},
			{"res":"元件 30033","x":0,"y":0},
			{"res":"元件 30034","x":0,"y":0},
			{"res":"元件 30035","x":0,"y":0},
			{"res":"元件 30036","x":0,"y":0},
			{"res":"元件 30037","x":0,"y":0},
			{"res":"元件 30038","x":0,"y":0}
		]
	}
},
"res": {
	"元件 30000":{"x":0,"y":0,"w":137,"h":103},
	"元件 30001":{"x":137,"y":0,"w":137,"h":103},
	"元件 30002":{"x":274,"y":0,"w":137,"h":103},
	"元件 30003":{"x":411,"y":0,"w":137,"h":103},
	"元件 30004":{"x":548,"y":0,"w":137,"h":103},
	"元件 30005":{"x":685,"y":0,"w":137,"h":103},
	"元件 30006":{"x":822,"y":0,"w":137,"h":103},
	"元件 30007":{"x":0,"y":103,"w":137,"h":103},
	"元件 30008":{"x":137,"y":103,"w":137,"h":103},
	"元件 30009":{"x":274,"y":103,"w":137,"h":103},
	"元件 30010":{"x":411,"y":103,"w":137,"h":103},
	"元件 30011":{"x":548,"y":103,"w":137,"h":103},
	"元件 30012":{"x":685,"y":103,"w":137,"h":103},
	"元件 30013":{"x":822,"y":103,"w":137,"h":103},
	"元件 30014":{"x":0,"y":206,"w":137,"h":103},
	"元件 30015":{"x":137,"y":206,"w":137,"h":103},
	"元件 30016":{"x":274,"y":206,"w":137,"h":103},
	"元件 30017":{"x":411,"y":206,"w":137,"h":103},
	"元件 30018":{"x":548,"y":206,"w":137,"h":103},
	"元件 30019":{"x":685,"y":206,"w":137,"h":103},
	"元件 30020":{"x":822,"y":206,"w":137,"h":103},
	"元件 30021":{"x":0,"y":309,"w":137,"h":103},
	"元件 30022":{"x":137,"y":309,"w":137,"h":103},
	"元件 30023":{"x":274,"y":309,"w":137,"h":103},
	"元件 30024":{"x":411,"y":309,"w":137,"h":103},
	"元件 30025":{"x":548,"y":309,"w":137,"h":103},
	"元件 30026":{"x":685,"y":309,"w":137,"h":103},
	"元件 30027":{"x":822,"y":309,"w":137,"h":103},
	"元件 30028":{"x":0,"y":412,"w":137,"h":103},
	"元件 30029":{"x":137,"y":412,"w":137,"h":103},
	"元件 30030":{"x":274,"y":412,"w":137,"h":103},
	"元件 30031":{"x":411,"y":412,"w":137,"h":103},
	"元件 30032":{"x":548,"y":412,"w":137,"h":103},
	"元件 30033":{"x":685,"y":412,"w":137,"h":103},
	"元件 30034":{"x":822,"y":412,"w":137,"h":103},
	"元件 30035":{"x":0,"y":515,"w":137,"h":103},
	"元件 30036":{"x":137,"y":515,"w":137,"h":103},
	"元件 30037":{"x":274,"y":515,"w":137,"h":103},
	"元件 30038":{"x":411,"y":515,"w":137,"h":103}
}
}