﻿{
"mc": {
	"元件 3": {
		"frameRate":24,
		"labels": [
		],
		"frames": [
			{"res":"元件 30000","x":0,"y":0},
			{"res":"元件 30001","x":0,"y":0},
			{"res":"元件 30002","x":0,"y":0},
			{"res":"元件 30003","x":0,"y":0},
			{"res":"元件 30004","x":0,"y":0},
			{"res":"元件 30005","x":0,"y":0},
			{"res":"元件 30006","x":0,"y":0},
			{"res":"元件 30007","x":0,"y":0},
			{"res":"元件 30008","x":0,"y":0},
			{"res":"元件 30009","x":0,"y":0},
			{"res":"元件 30010","x":0,"y":0}
		]
	}
},
"res": {
	"元件 30000":{"x":0,"y":0,"w":151,"h":141},
	"元件 30001":{"x":151,"y":0,"w":151,"h":141},
	"元件 30002":{"x":302,"y":0,"w":151,"h":141},
	"元件 30003":{"x":0,"y":141,"w":151,"h":141},
	"元件 30004":{"x":151,"y":141,"w":151,"h":141},
	"元件 30005":{"x":302,"y":141,"w":151,"h":141},
	"元件 30006":{"x":0,"y":282,"w":151,"h":141},
	"元件 30007":{"x":151,"y":282,"w":151,"h":141},
	"元件 30008":{"x":302,"y":282,"w":151,"h":141},
	"元件 30009":{"x":0,"y":423,"w":151,"h":141},
	"元件 30010":{"x":151,"y":423,"w":151,"h":141}
}
}