﻿{
"mc": {
	"元件 5": {
		"frameRate":24,
		"labels": [
		],
		"frames": [
			{"res":"元件 50000","x":0,"y":0},
			{"res":"元件 50001","x":0,"y":0},
			{"res":"元件 50002","x":0,"y":0},
			{"res":"元件 50003","x":0,"y":0},
			{"res":"元件 50004","x":0,"y":0},
			{"res":"元件 50005","x":0,"y":0},
			{"res":"元件 50006","x":0,"y":0},
			{"res":"元件 50007","x":0,"y":0},
			{"res":"元件 50008","x":0,"y":0},
			{"res":"元件 50009","x":0,"y":0},
			{"res":"元件 50010","x":0,"y":0},
			{"res":"元件 50011","x":0,"y":0},
			{"res":"元件 50012","x":0,"y":0},
			{"res":"元件 50013","x":0,"y":0},
			{"res":"元件 50014","x":0,"y":0},
			{"res":"元件 50015","x":0,"y":0},
			{"res":"元件 50016","x":0,"y":0},
			{"res":"元件 50017","x":0,"y":0},
			{"res":"元件 50018","x":0,"y":0},
			{"res":"元件 50019","x":0,"y":0},
			{"res":"元件 50020","x":0,"y":0},
			{"res":"元件 50021","x":0,"y":0},
			{"res":"元件 50022","x":0,"y":0}
		]
	}
},
"res": {
	"元件 50000":{"x":0,"y":0,"w":128,"h":123},
	"元件 50001":{"x":128,"y":0,"w":128,"h":123},
	"元件 50002":{"x":256,"y":0,"w":128,"h":123},
	"元件 50003":{"x":384,"y":0,"w":128,"h":123},
	"元件 50004":{"x":0,"y":123,"w":128,"h":123},
	"元件 50005":{"x":128,"y":123,"w":128,"h":123},
	"元件 50006":{"x":256,"y":123,"w":128,"h":123},
	"元件 50007":{"x":384,"y":123,"w":128,"h":123},
	"元件 50008":{"x":0,"y":246,"w":128,"h":123},
	"元件 50009":{"x":128,"y":246,"w":128,"h":123},
	"元件 50010":{"x":256,"y":246,"w":128,"h":123},
	"元件 50011":{"x":384,"y":246,"w":128,"h":123},
	"元件 50012":{"x":0,"y":369,"w":128,"h":123},
	"元件 50013":{"x":128,"y":369,"w":128,"h":123},
	"元件 50014":{"x":256,"y":369,"w":128,"h":123},
	"元件 50015":{"x":384,"y":369,"w":128,"h":123},
	"元件 50016":{"x":0,"y":492,"w":128,"h":123},
	"元件 50017":{"x":128,"y":492,"w":128,"h":123},
	"元件 50018":{"x":256,"y":492,"w":128,"h":123},
	"元件 50019":{"x":384,"y":492,"w":128,"h":123},
	"元件 50020":{"x":0,"y":615,"w":128,"h":123},
	"元件 50021":{"x":128,"y":615,"w":128,"h":123},
	"元件 50022":{"x":256,"y":615,"w":128,"h":123}
}
}