{
  "skins": {
    "eui.Button": "resource/eui_skins/ButtonSkin.exml",
    "eui.CheckBox": "resource/eui_skins/CheckBoxSkin.exml",
    "eui.HScrollBar": "resource/eui_skins/HScrollBarSkin.exml",
    "eui.HSlider": "resource/eui_skins/HSliderSkin.exml",
    "eui.Panel": "resource/eui_skins/PanelSkin.exml",
    "eui.TextInput": "resource/eui_skins/TextInputSkin.exml",
    "eui.ProgressBar": "resource/eui_skins/ProgressBarSkin.exml",
    "eui.RadioButton": "resource/eui_skins/RadioButtonSkin.exml",
    "eui.Scroller": "resource/eui_skins/ScrollerSkin.exml",
    "eui.ToggleSwitch": "resource/eui_skins/ToggleSwitchSkin.exml",
    "eui.VScrollBar": "resource/eui_skins/VScrollBarSkin.exml",
    "eui.VSlider": "resource/eui_skins/VSliderSkin.exml",
    "eui.ItemRenderer": "resource/eui_skins/ItemRendererSkin.exml",
    "PlayerLvProgressBarSkin": "resource/eui_skins/PlayerLvProgressBarSkin.exml",
    "LoadingProgressBarSkin": "resource/eui_skins/LoadingProgressBarSkin.exml"
  },
  "autoGenerateExmlsList": true,
  "exmls": [
    {
      "path": "resource/eui_skins/ButtonSkin.exml",
      "content": "<?xml version=\"1.0\" encoding=\"utf-8\" ?>\n<e:Skin class=\"skins.ButtonSkin\" states=\"up,down,disabled\" minHeight=\"50\" minWidth=\"100\" xmlns:e=\"http://ns.egret.com/eui\">\n    <e:Image width=\"100%\" height=\"100%\" scale9Grid=\"1,3,8,8\" alpha.disabled=\"0.5\"\n             source=\"button_up_png\"\n             source.down=\"button_down_png\"/>\n    <e:Label id=\"labelDisplay\" top=\"8\" bottom=\"8\" left=\"8\" right=\"8\"\n             size=\"20\"\n             textColor=\"0xFFFFFF\" verticalAlign=\"middle\" textAlign=\"center\"/>\n    <e:Image id=\"iconDisplay\" horizontalCenter=\"0\" verticalCenter=\"0\"/>\n</e:Skin>\n"
    },
    {
      "path": "resource/eui_skins/CheckBoxSkin.exml",
      "content": "<?xml version=\"1.0\" encoding=\"utf-8\"?>\n<e:Skin class=\"skins.CheckBoxSkin\" states=\"up,down,disabled,upAndSelected,downAndSelected,disabledAndSelected\" xmlns:e=\"http://ns.egret.com/eui\">\n    <e:Group width=\"100%\" height=\"100%\">\n        <e:layout>\n            <e:HorizontalLayout verticalAlign=\"middle\"/>\n        </e:layout>\n        <e:Image fillMode=\"scale\" alpha=\"1\" alpha.disabled=\"0.5\" alpha.down=\"0.7\"\n                 source=\"checkbox_unselect_png\"\n                 source.upAndSelected=\"checkbox_select_up_png\"\n                 source.downAndSelected=\"checkbox_select_down_png\"\n                 source.disabledAndSelected=\"checkbox_select_disabled_png\"/>\n        <e:Label id=\"labelDisplay\" size=\"20\" textColor=\"0x707070\"\n                 textAlign=\"center\" verticalAlign=\"middle\"\n                 fontFamily=\"Tahoma\"/>\n    </e:Group>\n</e:Skin>\n"
    },
    {
      "path": "resource/eui_skins/HScrollBarSkin.exml",
      "content": "<?xml version=\"1.0\" encoding=\"utf-8\"?>\n<e:Skin class=\"skins.HScrollBarSkin\" minWidth=\"20\" minHeight=\"8\" xmlns:e=\"http://ns.egret.com/eui\">\n    <e:Image id=\"thumb\" source=\"roundthumb_png\" scale9Grid=\"3,3,2,2\" height=\"8\" width=\"30\" verticalCenter=\"0\"/>\n</e:Skin>\n"
    },
    {
      "path": "resource/eui_skins/HSliderSkin.exml",
      "content": "<?xml version=\"1.0\" encoding=\"utf-8\"?>\n<e:Skin class=\"skins.HSliderSkin\" minWidth=\"20\" minHeight=\"8\" xmlns:e=\"http://ns.egret.com/eui\">\n    <e:Image id=\"track\" source=\"track_sb_png\" scale9Grid=\"1,1,4,4\" width=\"100%\"\n             height=\"6\" verticalCenter=\"0\"/>\n    <e:Image id=\"thumb\" source=\"thumb_png\" verticalCenter=\"0\"/>\n</e:Skin>\n"
    },
    {
      "path": "resource/eui_skins/ItemRendererSkin.exml",
      "content": "<?xml version=\"1.0\" encoding=\"utf-8\" ?>\n<e:Skin class=\"skins.ItemRendererSkin\" states=\"up,down,disabled\" minHeight=\"50\" minWidth=\"100\" xmlns:e=\"http://ns.egret.com/eui\">\n    <e:Image width=\"100%\" height=\"100%\" scale9Grid=\"1,3,8,8\" alpha.disabled=\"0.5\"\n             source=\"button_up_png\"\n             source.down=\"button_down_png\"/>\n    <e:Label id=\"labelDisplay\" top=\"8\" bottom=\"8\" left=\"8\" right=\"8\"\n             size=\"20\" fontFamily=\"Tahoma 'Microsoft Yahei'\"\n             textColor=\"0xFFFFFF\" text=\"{data}\" verticalAlign=\"middle\" textAlign=\"center\"/>\n</e:Skin>\n"
    },
    {
      "path": "resource/eui_skins/PanelSkin.exml",
      "content": "<?xml version=\"1.0\" encoding=\"utf-8\"?>\n<e:Skin class=\"skins.PanelSkin\" minHeight=\"230\" minWidth=\"450\" xmlns:e=\"http://ns.egret.com/eui\">\n    <e:Image left=\"0\" right=\"0\" bottom=\"0\"  top=\"0\" source=\"border_png\" scale9Grid=\"2,2,12,12\" />\n    <e:Group id=\"moveArea\" left=\"0\" right=\"0\" top=\"0\" height=\"45\">\n        <e:Image left=\"0\" right=\"0\" bottom=\"0\"  top=\"0\" source=\"header_png\"/>\n        <e:Label id=\"titleDisplay\" size=\"20\" fontFamily=\"Tahoma\" textColor=\"0xFFFFFF\"\n                 wordWrap=\"false\" left=\"15\" right=\"5\" verticalCenter=\"0\"/>\n    </e:Group>\n    <e:Button id=\"closeButton\" label=\"close\" bottom=\"5\" horizontalCenter=\"0\"/>\n</e:Skin>\n"
    },
    {
      "path": "resource/eui_skins/ProgressBarSkin.exml",
      "content": "<?xml version=\"1.0\" encoding=\"utf-8\"?>\n<e:Skin class=\"skins.ProgressBarSkin\" minWidth=\"30\" minHeight=\"18\" xmlns:e=\"http://ns.egret.com/eui\">\n\t<e:Image source=\"track_pb_png\" scale9Grid=\"1,1,4,4\" width=\"100%\"\n\t\t\t height=\"100%\" verticalCenter=\"0\"/>\n\t<e:Image id=\"thumb\" height=\"100%\" width=\"100%\" source=\"thumb_pb_png\"/>\n\t<e:Label id=\"labelDisplay\" textAlign=\"center\" verticalAlign=\"middle\"\n\t\t\t size=\"15\" fontFamily=\"Tahoma\" textColor=\"0x707070\"\n\t\t\t horizontalCenter=\"0\" verticalCenter=\"0\"/>\n</e:Skin>\n"
    },
    {
      "path": "resource/eui_skins/RadioButtonSkin.exml",
      "content": "<?xml version=\"1.0\" encoding=\"utf-8\"?>\n<e:Skin class=\"skins.RadioButtonSkin\" states=\"up,down,disabled,upAndSelected,downAndSelected,disabledAndSelected\" xmlns:e=\"http://ns.egret.com/eui\">\n    <e:Group width=\"100%\" height=\"100%\">\n        <e:layout>\n            <e:HorizontalLayout verticalAlign=\"middle\"/>\n        </e:layout>\n        <e:Image fillMode=\"scale\" alpha=\"1\" alpha.disabled=\"0.5\" alpha.down=\"0.7\"\n                 source=\"radiobutton_unselect_png\"\n                 source.upAndSelected=\"radiobutton_select_up_png\"\n                 source.downAndSelected=\"radiobutton_select_down_png\"\n                 source.disabledAndSelected=\"radiobutton_select_disabled_png\"/>\n        <e:Label id=\"labelDisplay\" size=\"20\" textColor=\"0x707070\"\n                 textAlign=\"center\" verticalAlign=\"middle\"\n                 fontFamily=\"Tahoma\"/>\n    </e:Group>\n</e:Skin>\n"
    },
    {
      "path": "resource/eui_skins/ScrollerSkin.exml",
      "content": "<?xml version=\"1.0\" encoding=\"utf-8\"?>\n<e:Skin class=\"skins.ScrollerSkin\" minWidth=\"20\" minHeight=\"20\" xmlns:e=\"http://ns.egret.com/eui\">\n    <e:HScrollBar id=\"horizontalScrollBar\" width=\"100%\" bottom=\"0\"/>\n    <e:VScrollBar id=\"verticalScrollBar\" height=\"100%\" right=\"0\"/>\n</e:Skin>"
    },
    {
      "path": "resource/eui_skins/TextInputSkin.exml",
      "content": "<?xml version='1.0' encoding='utf-8'?>\n<e:Skin class=\"skins.TextInputSkin\" minHeight=\"40\" minWidth=\"300\" states=\"normal,disabled,normalWithPrompt,disabledWithPrompt\" xmlns:e=\"http://ns.egret.com/eui\">\n\t<e:Image width=\"100%\" height=\"100%\" scale9Grid=\"1,3,8,8\" source=\"button_up_png\"/>\n\t<e:Rect height=\"100%\" width=\"100%\" fillColor=\"0xffffff\"/>\n \t<e:EditableText id=\"textDisplay\" verticalCenter=\"0\" left=\"10\" right=\"10\"\n\t                textColor=\"0x000000\" textColor.disabled=\"0xff0000\" width=\"100%\" height=\"24\" size=\"20\" />\n\t<e:Label id=\"promptDisplay\" verticalCenter=\"0\" left=\"10\" right=\"10\"\n\t                textColor=\"0xa9a9a9\" width=\"100%\" height=\"24\" size=\"20\" touchEnabled=\"false\" includeIn=\"normalWithPrompt,disabledWithPrompt\"/>\n</e:Skin>"
    },
    {
      "path": "resource/eui_skins/ToggleSwitchSkin.exml",
      "content": "<?xml version=\"1.0\" encoding=\"utf-8\"?>\n<e:Skin class=\"skins.ToggleSwitchSkin\" states=\"up,down,disabled,upAndSelected,downAndSelected,disabledAndSelected\" xmlns:e=\"http://ns.egret.com/eui\">\n    <e:Image source=\"on_png\"\n             source.up=\"off_png\"\n             source.down=\"off_png\"\n             source.disabled=\"off_png\"/>\n    <e:Image source=\"handle_png\"\n             horizontalCenter=\"-18\"\n             horizontalCenter.upAndSelected=\"18\"\n             horizontalCenter.downAndSelected=\"18\"\n             horizontalCenter.disabledAndSelected=\"18\"\n             verticalCenter=\"0\"/>\n</e:Skin>\n"
    },
    {
      "path": "resource/eui_skins/VScrollBarSkin.exml",
      "content": "<?xml version=\"1.0\" encoding=\"utf-8\"?>\n<e:Skin class=\"skins.VScrollBarSkin\" minWidth=\"8\" minHeight=\"20\" xmlns:e=\"http://ns.egret.com/eui\">\n    <e:Image id=\"thumb\" source=\"roundthumb_png\" scale9Grid=\"3,3,2,2\" height=\"30\" width=\"8\" horizontalCenter=\"0\"/>\n</e:Skin>\n"
    },
    {
      "path": "resource/eui_skins/VSliderSkin.exml",
      "content": "<?xml version=\"1.0\" encoding=\"utf-8\"?>\n<e:Skin class=\"skins.VSliderSkin\" minWidth=\"25\" minHeight=\"30\" xmlns:e=\"http://ns.egret.com/eui\">\n    <e:Image id=\"track\" source=\"track_png\" scale9Grid=\"1,1,4,4\" width=\"7\" height=\"100%\" horizontalCenter=\"0\"/>\n    <e:Image id=\"thumb\" source=\"thumb_png\" horizontalCenter=\"0\" />\n</e:Skin>\n"
    },
    {
      "path": "resource/game_skins/baseSkin/LoadingProgressBarSkin.exml",
      "content": "<?xml version=\"1.0\" encoding=\"utf-8\"?>\n<e:Skin class=\"LoadingProgressBarSkin\" minWidth=\"30\" minHeight=\"18\" xmlns:e=\"http://ns.egret.com/eui\">\n\t<e:Image width=\"100%\" height=\"100%\" verticalCenter=\"0\"  source=\"loadingBarBg_png\" scale9Grid=\"32,16,15,5\"/>\n\t<e:Image id=\"thumb\" source=\"loadingBar_png\" y=\"3\" x=\"3\" width=\"392\" height=\"30\" scale9Grid=\"26,12,296,7\"/>\n\t<e:Label id=\"labelDisplay\" textAlign=\"center\" verticalAlign=\"middle\" size=\"18\" fontFamily=\"Tahoma\" textColor=\"0xffffff\"\n\t         horizontalCenter=\"0\" verticalCenter=\"0\" />\n</e:Skin>\n"
    },
    {
      "path": "resource/game_skins/baseSkin/LoadingRoomPBSkin.exml",
      "content": "<?xml version=\"1.0\" encoding=\"utf-8\"?>\n<e:Skin class=\"LoadingRoomPBSkin\" width=\"426\" height=\"31\" xmlns:e=\"http://ns.egret.com/eui\">\n    <e:Image scale9Grid=\"2,2,2,2\" width=\"100%\" height=\"100%\" verticalCenter=\"0\"  source=\"loadingRoomBarBg_png\"/>\n    <e:Image id=\"thumb\" scale9Grid=\"6,4,4,4\" y=\"-5\" x=\"0\"  source=\"loadingRoomBar_png\" width=\"427\"/>\n    <e:Label id=\"labelDisplay\" textAlign=\"center\" verticalAlign=\"middle\" size=\"18\" fontFamily=\"Tahoma\"\n             textColor=\"0x000000\" horizontalCenter=\"0\" verticalCenter=\"0\" />\n</e:Skin>"
    },
    {
      "path": "resource/game_skins/baseSkin/PlayerLvProgressBarSkin.exml",
      "content": "<?xml version=\"1.0\" encoding=\"utf-8\"?>\n<e:Skin class=\"PlayerLvProgressBarSkin\" minWidth=\"30\" minHeight=\"5\" xmlns:e=\"http://ns.egret.com/eui\">\n\t<e:Image scale9Grid=\"2,2,2,2\" width=\"100%\" height=\"100%\" verticalCenter=\"0\" source=\"playerLvBarBg_png\" />\n\t<e:Image id=\"thumb\" height=\"100%\" width=\"100%\" source=\"playerLvBarBar_png\" scale9Grid=\"2,2,2,2\" />\n\t<e:Label id=\"labelDisplay\" textAlign=\"center\" verticalAlign=\"middle\" size=\"12\" fontFamily=\"Tahoma\" textColor=\"0x707070\"\n\t         horizontalCenter=\"0\" verticalCenter=\"0\" visible=\"false\" />\n</e:Skin>\n"
    },
    {
      "path": "resource/game_skins/dice/DiceGameSkin.exml",
      "content": "<?xml version=\"1.0\" encoding=\"utf-8\"?>\n<e:Skin class=\"DiceGameSkin\" width=\"1500\" height=\"760\" xmlns:e=\"http://ns.egret.com/eui\" xmlns:w=\"http://ns.egret.com/wing\">\n\t<w:Config id=\"156683091a5\"/>\n\t<e:Image source=\"diceGameBg_png\" x=\"0\" y=\"0\"/>\n\t<e:Group width=\"805\" height=\"477\" x=\"224\" y=\"74\">\n\t</e:Group>\n\t<e:Image source=\"diceGameSton_png\" x=\"155\" y=\"56\"/>\n\t<e:Image source=\"diceGamePlant_png\" x=\"235\" y=\"73\"/>\n</e:Skin>"
    },
    {
      "path": "resource/game_skins/dice/DicePanelSkin.exml",
      "content": "<?xml version=\"1.0\" encoding=\"utf-8\"?>\n<e:Skin class=\"DicePanelSkin\" width=\"953\" height=\"549\" xmlns:e=\"http://ns.egret.com/eui\"\n        xmlns:w=\"http://ns.egret.com/wing\">\n\t<w:Config id=\"1567c8cc8e3\" />\n\t<e:Image source=\"DiceCharBg_png\" x=\"11\" y=\"117\" />\n\t<e:RadioButton label=\"\" x=\"9\" y=\"108\" id=\"diceDoingBtn\">\n\t\t<e:skinName>\n\t\t\t<e:Skin states=\"up,down,disabled\">\n\t\t\t\t<e:Image width=\"100%\" height=\"100%\" source=\"diceDoingBtn1_png\" source.down=\"diceDoingBtn2_png\" />\n\t\t\t\t<e:Label id=\"labelDisplay\" horizontalCenter=\"0\" verticalCenter=\"0\" />\n\t\t\t</e:Skin>\n\t\t</e:skinName>\n\t</e:RadioButton>\n\t<e:RadioButton label=\"\" x=\"70\" y=\"109\" id=\"diceCompleteBtn\">\n\t\t<e:skinName>\n\t\t\t<e:Skin states=\"up,down,disabled\">\n\t\t\t\t<e:Image width=\"100%\" height=\"100%\" source=\"diceCompleteBtn1_png\" source.down=\"diceCompleteBtn2_png\" />\n\t\t\t\t<e:Label id=\"labelDisplay\" horizontalCenter=\"0\" verticalCenter=\"0\" />\n\t\t\t</e:Skin>\n\t\t</e:skinName>\n\t</e:RadioButton>\n\t<e:Image source=\"diceBg_png\" x=\"132\" y=\"48\" />\n\t<e:Image source=\"diceImage1_png\" x=\"0\" y=\"20\" touchEnabled=\"flase\" />\n\t<e:Image source=\"diceImage2_png\" x=\"104\" y=\"335\" touchEnabled=\"flase\" />\n\t<e:Image source=\"diceImage3_png\" x=\"664\" y=\"0\" touchEnabled=\"flase\" />\n\t<e:Button id=\"closeBtn\" label=\"\" x=\"899\" y=\"20\">\n\t\t<e:skinName>\n\t\t\t<e:Skin states=\"up,down,disabled\">\n\t\t\t\t<e:Image width=\"100%\" height=\"100%\" source=\"diceCloseBtn1_png\" source.down=\"diceCloseBtn2_png\" />\n\t\t\t\t<e:Label id=\"labelDisplay\" horizontalCenter=\"0\" verticalCenter=\"0\" />\n\t\t\t</e:Skin>\n\t\t</e:skinName>\n\t</e:Button>\n\t<e:Label text=\"version 0.0.0.1\" x=\"29\" y=\"529\" size=\"12\" />\n\t<e:Label text=\"\" x=\"327\" y=\"62\" width=\"386\" height=\"73\" size=\"14\" />\n\t<e:Image source=\"diceTimePanel_png\" x=\"0\" y=\"0\" />\n\t<e:Button id=\"singeBtn\" label=\"\" x=\"858\" y=\"169\">\n\t\t<e:skinName>\n\t\t\t<e:Skin states=\"up,down,disabled\">\n\t\t\t\t<e:Image width=\"100%\" height=\"100%\" source=\"diceSingeBtn_png\" source.down=\"diceSingeBtn_png\" />\n\t\t\t\t<e:Label id=\"labelDisplay\" horizontalCenter=\"0\" verticalCenter=\"0\" />\n\t\t\t</e:Skin>\n\t\t</e:skinName>\n\t</e:Button>\n\t<e:Button id=\"getBtn\" label=\"\" x=\"848\" y=\"251\">\n\t\t<e:skinName>\n\t\t\t<e:Skin states=\"up,down,disabled\">\n\t\t\t\t<e:Image width=\"100%\" height=\"100%\" source=\"diceGetBtn_png\" source.down=\"diceGetBtn_png\" />\n\t\t\t\t<e:Label id=\"labelDisplay\" horizontalCenter=\"0\" verticalCenter=\"0\" />\n\t\t\t</e:Skin>\n\t\t</e:skinName>\n\t</e:Button>\n\t<e:Button id=\"infoBtn\" label=\"\" x=\"851\" y=\"333\">\n\t\t<e:skinName>\n\t\t\t<e:Skin states=\"up,down,disabled\">\n\t\t\t\t<e:Image width=\"100%\" height=\"100%\" source=\"diceInfoBtn_png\" source.down=\"diceInfoBtn_png\" />\n\t\t\t\t<e:Label id=\"labelDisplay\" horizontalCenter=\"0\" verticalCenter=\"0\" />\n\t\t\t</e:Skin>\n\t\t</e:skinName>\n\t</e:Button>\n\t<e:Scroller id=\"contentScroller\" width=\"745\" height=\"354\" x=\"146\" y=\"156\" viewport=\"{contentGroup}\" bounces=\"false\">\n\t\t<e:Group id=\"contentGroup\" />\n\t</e:Scroller>\n</e:Skin>"
    },
    {
      "path": "resource/game_skins/LabbySkin.exml",
      "content": "<?xml version=\"1.0\" encoding=\"utf-8\"?>\n<e:Skin class=\"LabbySkin\" width=\"960\" height=\"570\" xmlns:e=\"http://ns.egret.com/eui\" xmlns:w=\"http://ns.egret.com/wing\">\n\t<w:Config id=\"156273924e2\" />\n\t<e:Image x=\"0\" y=\"0\" source=\"lobbyBg_png\" />\n\t<e:Image id=\"jpBtn\" x=\"154\" y=\"-12\" source=\"lobbyJpBg_png\" />\n\t<e:Image x=\"716\" y=\"-12\" source=\"lobbyRankBg_png\" />\n\t<e:Button id=\"nBtn\" x=\"636\" y=\"297\">\n\t\t<e:skinName>\n\t\t\t<e:Skin states=\"up,down,disabled\">\n\t\t\t\t<e:Image width=\"100%\" height=\"100%\" source=\"pageBtn1_png\" source.down=\"pageBtn3_png\" />\n\t\t\t\t<e:Label id=\"labelDisplay\" horizontalCenter=\"0\" verticalCenter=\"0\" />\n\t\t\t</e:Skin>\n\t\t</e:skinName>\n\t</e:Button>\n\t<e:Button id=\"pBtn\" x=\"83\" y=\"379\" rotation=\"180\">\n\t\t<e:Skin states=\"up,down,disabled\">\n\t\t\t<e:Image width=\"100%\" height=\"100%\" source=\"pageBtn1_png\" source.down=\"pageBtn3_png\" />\n\t\t\t<e:Label id=\"labelDisplay0\" horizontalCenter=\"0\" verticalCenter=\"0\" />\n\t\t</e:Skin>\n\t</e:Button>\n\t<e:Image source=\"lobbyTeammateBg_png\" x=\"-5\" y=\"-5\" />\n\t<e:Button id=\"diceBtn\" label=\"\" x=\"639\" y=\"100\">\n\t\t<e:skinName>\n\t\t\t<e:Skin states=\"up,down,disabled\">\n\t\t\t\t<e:Image width=\"100%\" height=\"100%\" source=\"diceBtn1_png\" source.down=\"diceBtn2_png\" />\n\t\t\t\t<e:Label id=\"labelDisplay\" horizontalCenter=\"0\" verticalCenter=\"0\" />\n\t\t\t</e:Skin>\n\t\t</e:skinName>\n\t</e:Button>\n\t\n\t<e:Scroller id=\"listScroller\" width=\"512\" height=\"235\" x=\"110\" y=\"212\">\n\t\t<e:List id=\"roomList\" x=\"96\" y=\"219\" />\n\t</e:Scroller>\n\t\n\t<e:ViewStack width=\"315\" height=\"72\" x=\"412\" y=\"3\" id=\"viewStack\" selectedIndex=\"0\">\n\t\t<e:Group width=\"315\" height=\"100%\" name=\"视图\">\n\t\t\t<e:Rect width=\"100%\" height=\"100%\" x=\"0\" y=\"0\" />\n\t\t</e:Group>\n\t\t<e:Group width=\"315\" height=\"100%\" name=\"视图\">\n\t\t\t<e:Rect width=\"100%\" height=\"100%\" x=\"0\" y=\"0\" fillColor=\"0xf50607\" />\n\t\t</e:Group>\n\t\t<e:Group width=\"315\" height=\"100%\" name=\"视图\">\n\t\t\t<e:Rect width=\"100%\" height=\"100%\" x=\"0\" y=\"0\" fillColor=\"0xffc900\" />\n\t\t</e:Group>\n\t\t<e:Group width=\"315\" height=\"100%\" name=\"视图\">\n\t\t\t<e:Rect width=\"100%\" height=\"100%\" x=\"0\" y=\"0\" fillColor=\"0xebfe50\" />\n\t\t</e:Group>\n\t\t<e:Group width=\"315\" height=\"100%\" name=\"视图\">\n\t\t\t<e:Rect width=\"100%\" height=\"100%\" x=\"0\" y=\"0\" fillColor=\"0x00ff1b\" />\n\t\t</e:Group>\n\t\t<e:Group width=\"315\" height=\"100%\" name=\"视图\">\n\t\t\t<e:Rect width=\"100%\" height=\"100%\" x=\"0\" y=\"0\" fillColor=\"0x00ffa4\" />\n\t\t</e:Group>\n\t\t<e:Group width=\"315\" height=\"100%\" name=\"视图\">\n\t\t\t<e:Rect width=\"100%\" height=\"100%\" x=\"0\" y=\"0\" fillColor=\"0x0051ff\" />\n\t\t</e:Group>\n\t\t<e:Group width=\"315\" height=\"100%\" name=\"视图\">\n\t\t\t<e:Rect width=\"100%\" height=\"100%\" x=\"0\" y=\"0\" fillColor=\"0xff0099\" />\n\t\t</e:Group>\n\t\t<e:Group width=\"315\" height=\"100%\" name=\"视图\">\n\t\t\t<e:Rect width=\"100%\" height=\"100%\" x=\"0\" y=\"0\" fillColor=\"0xf7f6f6\" />\n\t\t</e:Group>\n\t</e:ViewStack>\n\t<e:TabBar id=\"tabBar\" width=\"315\" height=\"71\" x=\"412\" y=\"4\" dataProvider=\"{viewStack}\">\n\t\t<e:itemRendererSkinName>\n\t\t\t<e:Skin states=\"up,down\" height=\"10\">\n\t\t\t\t<e:Rect width=\"10\" height=\"10\" x=\"0\" y=\"0\" fillColor.up=\"0xffffff\" fillColor.down=\"0xaaaaaa\" />\n\t\t\t</e:Skin>\n\t\t</e:itemRendererSkinName>\n\t</e:TabBar>\n</e:Skin>"
    },
    {
      "path": "resource/game_skins/LoadRoomSkin.exml",
      "content": "<?xml version=\"1.0\" encoding=\"utf-8\"?>\n<e:Skin class=\"LoadRoomSkin\" width=\"960\" height=\"570\" xmlns:e=\"http://ns.egret.com/eui\" xmlns:w=\"http://ns.egret.com/wing\">\n\t<e:Image source=\"loadingRoomBg_png\" x=\"0\" y=\"0\" width=\"960\" height=\"570\"/>\n\t<e:ProgressBar id=\"bar\" x=\"274\" y=\"428\" width=\"456\" skinName=\"LoadingRoomPBSkin\"/>\n</e:Skin>"
    },
    {
      "path": "resource/game_skins/LoadSkin.exml",
      "content": "<?xml version='1.0' encoding='utf-8'?>\r\n<e:Skin class=\"LoadSkin\" width=\"960\" height=\"560\" xmlns:e=\"http://ns.egret.com/eui\" xmlns:w=\"http://ns.egret.com/wing\">\r\n\t<e:Image x=\"0\" y=\"0\" source=\"loadingBg_png\" />\r\n\t<e:Label id=\"tempText\" height=\"120\" width=\"350\" textAlign=\"left\" verticalAlign=\"middle\" x=\"0\" y=\"440\" />\r\n\t<e:Label id=\"versionText\" text=\"V a_1_0_15122_1424\" x=\"480\" y=\"518\" width=\"244\" size=\"14\"  textColor=\"0x000000\" bold=\"true\"/>\r\n\t<e:Label id=\"tipText\" x=\"0\" y=\"9\" width=\"100%\" textAlign=\"center\" height=\"50\" size=\"12\" />\r\n\t<!--<e:ProgressBar id=\"bar\" x=\"281\" y=\"313\" skinName=\"LoadingProgressBarSkin\" width=\"399\" height=\"36\"/>-->\r\n</e:Skin>"
    },
    {
      "path": "resource/game_skins/TestSkin.exml",
      "content": "<?xml version=\"1.0\" encoding=\"utf-8\"?>\n<e:Skin class=\"TestSkin\" width=\"200\" height=\"200\" xmlns:e=\"http://ns.egret.com/eui\" xmlns:w=\"http://ns.egret.com/wing\">\n\t<e:Rect width=\"100%\" height=\"100%\" x=\"0\" y=\"0\" fillAlpha=\"0.4\"/>\n\t<e:Button id=\"curBtn\" label=\"换套路径\" x=\"0\" y=\"0\" width=\"100\" height=\"50\"/>\n\t<e:Button id=\"changeMapBtn\" label=\"换地图\" x=\"0\" height=\"50\" y=\"50\"/>\n\t<e:Button id=\"closeBtn\" label=\"关闭显示\" x=\"0\" height=\"50\" width=\"100\" y=\"100\"/>\n\t<e:Label id=\"numText\" text=\"鱼当前数量：0\" x=\"2\" width=\"201\" size=\"20\" bottom=\"0\"/>\n\t<e:Label id=\"showNumText\" text=\"当前显示数量：0\" x=\"1\" width=\"201\" size=\"20\" bottom=\"20\"/>\n\t<e:Button label=\"3\" x=\"100\" y=\"100\"/>\n\t<e:Button label=\"1\" x=\"100\"/>\n\t<e:Button label=\"2\" x=\"100\" y=\"50\"/>\n</e:Skin>"
    },
    {
      "path": "resource/game_skins/window/AlertSkin.exml",
      "content": "<?xml version=\"1.0\" encoding=\"utf-8\"?>\n<e:Skin class=\"AlertSkin\" width=\"464\" height=\"150\" xmlns:e=\"http://ns.egret.com/eui\" xmlns:w=\"http://ns.egret.com/wing\">\n\t<e:Image source=\"alertBg_png\" x=\"0\" y=\"0\"/>\n\t<e:Button id=\"returnBtn\" label=\"\" x=\"256\" y=\"103\">\n\t\t<e:skinName>\n\t\t\t<e:Skin states=\"up,down,disabled\">\n\t\t\t<e:Image width=\"100%\" height=\"100%\" source=\"alertCanleBtn1_png\" source.down=\"alertCanleBtn2_png\"/>\n\t\t\t<e:Label id=\"labelDisplay\" horizontalCenter=\"0\" verticalCenter=\"0\"/>\n\t\t\t</e:Skin>\n\t\t</e:skinName>\n\t</e:Button>\n\t<e:Button id=\"okBtn\" label=\"\" x=\"105\" y=\"103\">\n\t\t<e:skinName>\n\t\t\t<e:Skin states=\"up,down,disabled\">\n\t\t\t<e:Image width=\"100%\" height=\"100%\" source=\"alertOkBtn1_png\" source.down=\"alertOkBtn2_png\"/>\n\t\t\t<e:Label id=\"labelDisplay\" horizontalCenter=\"0\" verticalCenter=\"0\"/>\n\t\t\t</e:Skin>\n\t\t</e:skinName>\n\t</e:Button>\n\t<e:Label id=\"contentText\" text=\"你好世界\" x=\"26\" y=\"27\" width=\"423\" height=\"74\" verticalAlign=\"middle\" textAlign=\"center\" size=\"28\"/>\n\t<e:Label text=\"提示\" x=\"35\" y=\"5\" size=\"14\" bold=\"true\"/>\n</e:Skin>"
    },
    {
      "path": "resource/game_skins/window/HelpPanelSkin.exml",
      "content": "<?xml version=\"1.0\" encoding=\"utf-8\"?>\n<e:Skin class=\"HelpPanelSkin\" width=\"557\" height=\"375\" xmlns:e=\"http://ns.egret.com/eui\"\n        xmlns:w=\"http://ns.egret.com/wing\">\n    <e:Image source=\"helpBg_png\" x=\"0\" y=\"0\" />\n    <e:Button id=\"closeBtn\" label=\"\" x=\"518\" y=\"17\" width=\"16\" height=\"16\">\n        <e:skinName>\n            <e:Skin states=\"up,down,disabled\">\n                <e:Image width=\"100%\" height=\"100%\" source=\"xbtn1_png\" source.down=\"xbtn2_png\" />\n                <e:Label id=\"labelDisplay\" horizontalCenter=\"0\" verticalCenter=\"0\" />\n            </e:Skin>\n        </e:skinName>\n    </e:Button>\n    <e:TabBar dataProvider=\"{viewStack}\" width=\"517\" height=\"28\" x=\"21\" y=\"42\">\n        <e:itemRendererSkinName>\n            <e:Skin states=\"up,down\" height=\"26\">\n                <e:Image width=\"100%\" height=\"100%\" source=\"helpMBtn1_png\" source.down=\"helpMBtn2_png\" />\n                <e:Label text=\"{data}\" textColor.down=\"0xFFFFFF\" textColor.up=\"0x1111aa\" horizontalCenter=\"0\"\n                         verticalCenter=\"0\" size=\"12\" />\n            </e:Skin>\n        </e:itemRendererSkinName>\n    </e:TabBar>\n    <e:ViewStack id=\"viewStack\" width=\"517\" height=\"287\" x=\"21\" y=\"70\" selectedIndex=\"0\">\n        <e:Group width=\"100%\" height=\"100%\" name=\"操作说明\">\n            <e:Image source=\"page1_png\" x=\"48\" y=\"15\" />\n        </e:Group>\n        <e:Group width=\"100%\" height=\"100%\" name=\"大炮说明\">\n            <e:Image source=\"page2_png\" x=\"53\" y=\"5\" />\n        </e:Group>\n        <e:Group width=\"100%\" height=\"100%\" name=\"鱼的价值\" />\n        <e:Group width=\"100%\" height=\"100%\" name=\"游戏说明\">\n            <e:Image source=\"page4_png\" x=\"43\" y=\"15\" />\n        </e:Group>\n        <e:Group width=\"100%\" height=\"100%\" name=\"炸弹鱼\">\n            <e:Image source=\"page5_png\" x=\"43\" y=\"3\" />\n        </e:Group>\n        <e:Group width=\"100%\" height=\"100%\" name=\"锁定说明\">\n            <e:Image source=\"page6_png\" x=\"69\" y=\"18\" />\n        </e:Group>\n        <e:Group width=\"100%\" height=\"100%\" name=\"任务\">\n            <e:Image source=\"page7_png\" x=\"49\" y=\"28\" />\n        </e:Group>\n    </e:ViewStack>\n    <e:ToggleSwitch label=\"游戏开始时显示帮助\" x=\"31\" y=\"339\">\n        <e:skinName>\n            <e:Skin states=\"up,down,disabled\">\n                <e:Image width=\"15\" height=\"14\" source=\"SettingSelectBox1_png\" source.down=\"SettingSelectBox2_png\" />\n                <e:Label id=\"labelDisplay\" horizontalCenter=\"10\" verticalCenter=\"0\" size=\"14\" textColor=\"0xF3FF00\" />\n            </e:Skin>\n        </e:skinName>\n    </e:ToggleSwitch>\n</e:Skin>"
    },
    {
      "path": "resource/game_skins/window/HistoryPanelSkin.exml",
      "content": "<?xml version=\"1.0\" encoding=\"utf-8\"?>\n<e:Skin class=\"HistoryPanelSkin\" xmlns:e=\"http://ns.egret.com/eui\" xmlns:w=\"http://ns.egret.com/wing\">\n\t<e:Image source=\"windowBg_png\" x=\"0\" y=\"0\"/>\n\t<e:Image source=\"resultPanelBg_png\" x=\"74\" y=\"94\"/>\n\t<e:List id=\"list\" width=\"806\" height=\"370\" x=\"80\" y=\"168\">\n\t\t<e:layout>\n\t\t\t<e:VerticalLayout gap=\"4\"/>\n\t\t</e:layout>\n\t</e:List>\n\t<e:Button id=\"closeBtn\" label=\"\" x=\"885\" y=\"13\" width=\"85\" height=\"86\">\n\t\t<e:skinName>\n\t\t\t<e:Skin states=\"up,down,disabled\">\n\t\t\t<e:Image width=\"100%\" height=\"100%\" source=\"closeBtn1_png\" source.down=\"closeBtn2_png\"/>\n\t\t\t<e:Label id=\"labelDisplay\" horizontalCenter=\"0\" verticalCenter=\"0\"/>\n\t\t\t</e:Skin>\n\t\t</e:skinName>\n\t</e:Button>\n\t<e:Image source=\"resultTitle_png\" x=\"301\" y=\"0\"/>\n</e:Skin>"
    },
    {
      "path": "resource/game_skins/window/OperationRecordPanelSkin.exml",
      "content": "<?xml version=\"1.0\" encoding=\"utf-8\"?>\n<e:Skin class=\"OperationRecordPanelSkin\" xmlns:e=\"http://ns.egret.com/eui\" xmlns:w=\"http://ns.egret.com/wing\" width=\"972\" height=\"580\">\n\t<e:Image source=\"windowBg_png\" x=\"0\" y=\"0\"/>\n\t<e:Button id=\"closeBtn\" label=\"\" x=\"883\" y=\"14\">\n\t\t<e:skinName>\n\t\t\t<e:Skin states=\"up,down,disabled\">\n\t\t\t<e:Image width=\"100%\" height=\"100%\" source=\"closeBtn1_png\" source.down=\"closeBtn2_png\"/>\n\t\t\t<e:Label id=\"labelDisplay\" horizontalCenter=\"0\" verticalCenter=\"0\"/>\n\t\t\t</e:Skin>\n\t\t</e:skinName>\n\t</e:Button>\n\t<e:Image source=\"historyTitle_png\" x=\"301\" y=\"0\"/>\n\t<e:Image source=\"historyBg_png\" x=\"74\" y=\"86\"/>\n</e:Skin>"
    },
    {
      "path": "resource/game_skins/window/RankPanelSkin.exml",
      "content": "<?xml version=\"1.0\" encoding=\"utf-8\"?>\n<e:Skin class=\"RankPanelSkin\" width=\"493\" height=\"458\" xmlns:e=\"http://ns.egret.com/eui\"\n        xmlns:w=\"http://ns.egret.com/wing\">\n    <e:Image source=\"rankBg_png\" x=\"0\" y=\"0\" />\n    <e:Button id=\"closeBtn\" label=\"\" x=\"459\" y=\"31\">\n        <e:skinName>\n            <e:Skin states=\"up,down,disabled\">\n                <e:Image width=\"100%\" height=\"100%\" source=\"xbtn1_png\" source.down=\"xbtn2_png\" />\n                <e:Label id=\"labelDisplay\" horizontalCenter=\"0\" verticalCenter=\"0\" />\n            </e:Skin>\n        </e:skinName>\n    </e:Button>\n    <e:Image source=\"rankText1_png\" x=\"47\" y=\"63\" />\n    <e:Image source=\"rankText2_png\" x=\"65\" y=\"101\" />\n    <e:Label text=\"在海洋之心高手场、大师场、皇家场；贝壳高手场、大师场 、皇家场；好运馆大师场进行捕鱼，均有机会获得！\" x=\"164\" y=\"61\" size=\"12\" height=\"25\" width=\"304\"\n             textColor=\"0xACDBFE\" />\n    <e:Label text=\"在海洋之心高手场、大师场、皇家场；贝壳高手场、大师场 、皇家场；好运馆大师场进行捕鱼，均有机会获得！\" x=\"160\" y=\"101\" size=\"12\" height=\"38\" width=\"308\"\n             textColor=\"0xACDBFE\" />\n    <e:RadioButton id=\"kBtn\" label=\"\" x=\"50\" y=\"140\">\n        <e:skinName>\n            <e:Skin states=\"up,down,disabled\">\n                <e:Image width=\"100%\" height=\"100%\" source=\"rank1kBtn1_png\" source.down=\"rank1kBtn2_png\" />\n                <e:Label id=\"labelDisplay\" horizontalCenter=\"0\" verticalCenter=\"0\" />\n            </e:Skin>\n        </e:skinName>\n    </e:RadioButton>\n    <e:RadioButton id=\"tBtn\" label=\"\" x=\"258\" y=\"139\">\n        <e:skinName>\n            <e:Skin states=\"up,down,disabled\">\n                <e:Image width=\"100%\" height=\"100%\" source=\"rank30Btn1_png\" source.down=\"rank30Btn2_png\" />\n                <e:Label id=\"labelDisplay\" horizontalCenter=\"0\" verticalCenter=\"0\" />\n            </e:Skin>\n        </e:skinName>\n    </e:RadioButton>\n</e:Skin>"
    },
    {
      "path": "resource/game_skins/window/SettingPanelSkin.exml",
      "content": "<?xml version=\"1.0\" encoding=\"utf-8\"?>\n<e:Skin class=\"SettingPanelSkin\" width=\"479\" height=\"380\" xmlns:e=\"http://ns.egret.com/eui\" xmlns:w=\"http://ns.egret.com/wing\">\n\t<e:Image source=\"SettingBg_png\" x=\"0\" y=\"0\"/>\n\t<e:Image source=\"SettingBgText_png\" x=\"49\" y=\"87\"/>\n\t<e:Button id=\"closeBtn\" label=\"\" x=\"431\" y=\"19\">\n\t\t<e:skinName>\n\t\t\t<e:Skin states=\"up,down,disabled\">\n\t\t\t<e:Image width=\"100%\" height=\"100%\" source=\"xbtn1_png\" source.down=\"xbtn2_png\"/>\n\t\t\t<e:Label id=\"labelDisplay\" horizontalCenter=\"0\" verticalCenter=\"0\"/>\n\t\t\t</e:Skin>\n\t\t</e:skinName>\n\t</e:Button>\n\t<e:Label text=\"version 0.0.0.1\" x=\"174\" y=\"339\" size=\"14\" width=\"132\" verticalAlign=\"middle\" textAlign=\"center\" textColor=\"0x797879\"/>\n\t<e:ToggleSwitch id=\"bnt1\" label=\"\" x=\"417\" y=\"159\">\n\t\t<e:skinName>\n\t\t\t<e:Skin states=\"up,down,disabled\">\n\t\t\t<e:Image width=\"100%\" height=\"100%\" source=\"SettingSelectBox1_png\" source.down=\"SettingSelectBox2_png\"/>\n\t\t\t<e:Label id=\"labelDisplay\" horizontalCenter=\"0\" verticalCenter=\"0\"/>\n\t\t\t</e:Skin>\n\t\t</e:skinName>\n\t</e:ToggleSwitch>\n\t<e:ToggleSwitch id=\"bnt2\" label=\"\" x=\"417\" y=\"183\">\n\t\t<e:Skin states=\"up,down,disabled\">\n\t\t<e:Image width=\"100%\" height=\"100%\" source=\"SettingSelectBox1_png\" source.down=\"SettingSelectBox2_png\"/>\n\t\t<e:Label id=\"labelDisplay0\" horizontalCenter=\"0\" verticalCenter=\"0\"/>\n\t\t</e:Skin>\n\t</e:ToggleSwitch>\n\t<e:ToggleSwitch id=\"bnt3\" label=\"\" x=\"417\" y=\"221\">\n\t\t<e:Skin states=\"up,down,disabled\">\n\t\t<e:Image width=\"100%\" height=\"100%\" source=\"SettingSelectBox1_png\" source.down=\"SettingSelectBox2_png\"/>\n\t\t<e:Label id=\"labelDisplay1\" horizontalCenter=\"0\" verticalCenter=\"0\"/>\n\t\t</e:Skin>\n\t</e:ToggleSwitch>\n\t<e:ToggleSwitch id=\"bnt4\" label=\"\" x=\"417\" y=\"259\">\n\t\t<e:Skin states=\"up,down,disabled\">\n\t\t<e:Image width=\"100%\" height=\"100%\" source=\"SettingSelectBox1_png\" source.down=\"SettingSelectBox2_png\"/>\n\t\t<e:Label id=\"labelDisplay2\" horizontalCenter=\"0\" verticalCenter=\"0\"/>\n\t\t</e:Skin>\n\t</e:ToggleSwitch>\n</e:Skin>"
    },
    {
      "path": "resource/renderer/HistoryItemSkin.exml",
      "content": "<?xml version=\"1.0\" encoding=\"utf-8\"?>\n<e:Skin class=\"HistoryItemSkin\" width=\"800\" height=\"33\" xmlns:e=\"http://ns.egret.com/eui\" xmlns:w=\"http://ns.egret.com/wing\">\n\t<e:Label id=\"dateText\" text=\"20160920\" y=\"3\" size=\"28\" width=\"200\" height=\"30\" textAlign=\"center\" verticalAlign=\"middle\" x=\"21\" textColor=\"0x090000\"/>\n\t<e:Image id=\"icon1\" source=\"firstIcon_png\" x=\"288\" y=\"0\"/>\n\t<e:Image id=\"icon2\" source=\"firstIcon_png\" x=\"400.5\" y=\"0\"/>\n\t<e:Image id=\"icon3\" source=\"firstIcon_png\" x=\"512.5\" y=\"0\"/>\n\t<e:Image id=\"icon4\" source=\"firstIcon_png\" x=\"624.5\" y=\"0\"/>\n\t<e:Image id=\"icon5\" source=\"firstIcon_png\" x=\"737\" y=\"0\"/>\n</e:Skin>"
    },
    {
      "path": "resource/renderer/HorseItenSkin.exml",
      "content": "<?xml version=\"1.0\" encoding=\"utf-8\"?>\n<e:Skin class=\"HorseItenSkin\" xmlns:e=\"http://ns.egret.com/eui\" xmlns:w=\"http://ns.egret.com/wing\">\n\t<e:Image x=\"0\" y=\"0\" source=\"betHeadBg_png\"/>\n\t<e:Label text=\"状态\" y=\"315\" x=\"50\" size=\"20\" visible=\"false\"/>\n\t<e:Label text=\"奖励\" x=\"58\" y=\"343\" size=\"26\"/>\n\t<e:Label id=\"stateText\" text=\"良好\" x=\"120\" y=\"314\" width=\"80\" textAlign=\"left\" size=\"20\" visible=\"false\"/>\n\t<e:Label id=\"numText\" text=\"x5.25\" x=\"109\" y=\"343\" width=\"86\" textAlign=\"center\" size=\"26\"/>\n\t<e:Label id=\"betText\" text=\"0\" x=\"57\" y=\"308\" width=\"142\" textAlign=\"center\" size=\"30\" textColor=\"0xae9d3c\"/>\n\t<e:Group y=\"229\" x=\"32\">\n\t\t<e:Image x=\"25\" source=\"betNameBg_png\" y=\"10\"/>\n\t\t<e:Image x=\"-17\" y=\"-4\" source=\"betIndexBg_png\"/>\n\t\t<e:Label id=\"nameText\" text=\"闪电\" x=\"34\" y=\"20\" width=\"128\" textAlign=\"center\" size=\"26\" bold=\"true\" textColor=\"0x01a1f8\"/>\n\t\t<e:Label id=\"indexText\" text=\"1\" x=\"-6\" y=\"12\" width=\"40\" textAlign=\"center\" textColor=\"0xfafafa\"/>\n\t</e:Group>\n</e:Skin>"
    },
    {
      "path": "resource/renderer/ResultItemSkin.exml",
      "content": "<?xml version=\"1.0\" encoding=\"utf-8\"?>\n<e:Skin class=\"ResultItemSkin\" width=\"400\" height=\"50\" xmlns:e=\"http://ns.egret.com/eui\" xmlns:w=\"http://ns.egret.com/wing\">\n\t<e:Label id=\"nameText\" text=\" \" x=\"24\" y=\"9\" width=\"117\" textAlign=\"center\" verticalAlign=\"middle\"/>\n\t<e:Label id=\"muText\" text=\" \" x=\"160\" y=\"9\" width=\"121\" textAlign=\"center\" verticalAlign=\"middle\"/>\n\t<e:Label id=\"awardText\" text=\" \" x=\"281\" y=\"9\" width=\"108\" textAlign=\"center\" verticalAlign=\"middle\"/>\n</e:Skin>"
    },
    {
      "path": "resource/skins/BetViewSkin.exml",
      "content": "<?xml version=\"1.0\" encoding=\"utf-8\"?>\n<e:Skin class=\"BetViweSkin\" xmlns:e=\"http://ns.egret.com/eui\" xmlns:w=\"http://ns.egret.com/wing\" width=\"1270\" height=\"720\">\n\t<w:Config id=\"156d5418b79\"/>\n\t<e:Image id=\"bgImage\" x=\"0\" y=\"0\" source=\"betBg_png\" width=\"100%\" height=\"100%\"/>\n\t<e:Rect width=\"100%\" height=\"100%\" x=\"0\" y=\"0\" fillAlpha=\"0.3\" visible=\"false\"/>\n\t<e:Group id=\"leftGroup\" left=\"0\" bottom=\"0\">\n\t\t<e:Image x=\"0\" y=\"0\" source=\"betTimes_png\"/>\n\t\t<e:Label id=\"matchIdText\" text=\" \" x=\"300\" y=\"35\" width=\"218\" verticalAlign=\"middle\" textAlign=\"center\"/>\n\t</e:Group>\n\t<e:Group id=\"rightGroup\" right=\"0\" bottom=\"0\">\n\t\t<e:Image x=\"0\" y=\"0\" source=\"betChipBtnBg_png\"/>\n\t\t<e:RadioButton id=\"btn100\" label=\"100\" x=\"26\" y=\"10\">\n\t\t\t<e:skinName>\n\t\t\t\t<e:Skin states=\"up,down,disabled\">\n\t\t\t\t<e:Image width=\"100%\" height=\"100%\" source=\"chip100Btn1_png\" source.down=\"chip100Btn2_png\"/>\n\t\t\t\t<e:Label id=\"labelDisplay\" horizontalCenter=\"0\" verticalCenter=\"0\" visible=\"false\"/>\n\t\t\t\t</e:Skin>\n\t\t\t</e:skinName>\n\t\t</e:RadioButton>\n\t\t<e:RadioButton id=\"btn1000\" label=\"1000\" x=\"156\" y=\"10\">\n\t\t\t<e:skinName>\n\t\t\t\t<e:Skin states=\"up,down,disabled\">\n\t\t\t\t<e:Image width=\"100%\" height=\"100%\" source=\"chip1000Btn1.png_png\" source.down=\"chip1000Btn2_png\"/>\n\t\t\t\t<e:Label id=\"labelDisplay\" horizontalCenter=\"0\" verticalCenter=\"0\" visible=\"false\"/>\n\t\t\t\t</e:Skin>\n\t\t\t</e:skinName>\n\t\t</e:RadioButton>\n\t\t<e:RadioButton id=\"btn10000\" label=\"10000\" x=\"285\" y=\"10\">\n\t\t\t<e:skinName>\n\t\t\t\t<e:Skin states=\"up,down,disabled\">\n\t\t\t\t<e:Image width=\"100%\" height=\"100%\" source=\"chip10000Btn1_png\" source.down=\"chip10000Btn2_png\"/>\n\t\t\t\t<e:Label id=\"labelDisplay\" horizontalCenter=\"0\" verticalCenter=\"0\" visible=\"false\"/>\n\t\t\t\t</e:Skin>\n\t\t\t</e:skinName>\n\t\t</e:RadioButton>\n\t\t<e:Button id=\"revokeBtn\" label=\"\" x=\"415\" y=\"14\">\n\t\t\t<e:skinName>\n\t\t\t<e:Skin states=\"up,down,disabled\">\n\t\t\t\t<e:Image width=\"100%\" height=\"100%\" source=\"revokeBtn1_png\" source.down=\"revokeBtn2_png\"/>\n\t\t\t\t<e:Label id=\"labelDisplay\" horizontalCenter=\"0\" verticalCenter=\"0\"/>\n\t\t\t</e:Skin>\n\t\t\t</e:skinName>\n\t\t</e:Button>\n\t</e:Group>\n\t<e:Group horizontalCenter=\"0\" verticalCenter=\"0\">\n\t\t<e:List id=\"horseList\" width=\"1270\" height=\"380\" x=\"0\" verticalCenter=\"-50\"/>\n\t</e:Group>\n</e:Skin>"
    },
    {
      "path": "resource/skins/HallViewSkin.exml",
      "content": "<?xml version=\"1.0\" encoding=\"utf-8\"?>\n<e:Skin class=\"HallViewSkin\" width=\"1026\" height=\"640\" xmlns:e=\"http://ns.egret.com/eui\" xmlns:w=\"http://ns.egret.com/wing\">\n\t<e:Image x=\"0\" source=\"lobbyBg_png\"/>\n\t<e:Button id=\"btn1\" label=\"\" x=\"50\" y=\"109\">\n\t\t<e:skinName>\n\t\t\t<e:Skin states=\"up,down,disabled\">\n\t\t\t<e:Image width=\"100%\" height=\"100%\" source=\"duding_png\" source.down=\"duding_png\"/>\n\t\t\t<e:Label id=\"labelDisplay\" horizontalCenter=\"0\" verticalCenter=\"0\"/>\n\t\t\t</e:Skin>\n\t\t</e:skinName>\n\t</e:Button>\n\t<e:Button id=\"btn2\" label=\"\" x=\"630\" y=\"109\">\n\t\t<e:skinName>\n\t\t\t<e:Skin states=\"up,down,disabled\">\n\t\t\t<e:Image width=\"100%\" height=\"100%\" source=\"suiji_png\" source.down=\"suiji_png\"/>\n\t\t\t<e:Label id=\"labelDisplay\" horizontalCenter=\"0\" verticalCenter=\"0\"/>\n\t\t\t</e:Skin>\n\t\t</e:skinName>\n\t</e:Button>\n\t<e:Label text=\"每匹马的胜率一样，竞猜简单，中奖容易\" x=\"78\" y=\"446\" width=\"253\" height=\"129\"/>\n\t<e:Label text=\"每只狗的获胜概率不一样，竞猜更刺激，奖金更高！\" x=\"664\" y=\"446\" width=\"276\" height=\"96\"/>\n\t<e:Rect width=\"193\" height=\"67\" x=\"416\" y=\"93\" fillColor=\"0x01909b\"/>\n\t<e:Label text=\"赛马大厅\" y=\"100\" size=\"50\" horizontalCenter=\"4.5\" bold=\"true\" textColor=\"0x111010\"/>\n</e:Skin>"
    },
    {
      "path": "resource/skins/ResultViewSkin.exml",
      "content": "<?xml version=\"1.0\" encoding=\"utf-8\"?>\n<e:Skin class=\"ResultViewSkin\" width=\"1024\" height=\"525\" xmlns:e=\"http://ns.egret.com/eui\" xmlns:w=\"http://ns.egret.com/wing\">\n\t<e:Image x=\"0\" y=\"43\" source=\"result_bg_png\"/>\n\t<e:Label id=\"moneyText\" text=\"999,999.999\" x=\"600\" y=\"420\" width=\"204\" textAlign=\"center\"/>\n\t<e:Image x=\"94\" y=\"123\" source=\"result_thing_2_png\"/>\n\t<e:Image id=\"headImage\" x=\"94\" y=\"123\"/>\n\t<e:Image x=\"139\" y=\"338\" source=\"result_thing_1_png\"/>\n\t<e:Image x=\"249\" y=\"257\" source=\"result_cup_png\"/>\n\t<e:Image x=\"98\" y=\"322\" source=\"result_star_png\"/>\n\t<e:Image source=\"result_topTime_png\" y=\"0\" horizontalCenter=\"0\"/>\n\t<e:Label text=\"1\" x=\"107\" y=\"338\" width=\"40\" verticalAlign=\"middle\" textAlign=\"center\" textColor=\"0x000000\"/>\n\t<e:Label id=\"nameText\" text=\"标签\" x=\"151\" y=\"348\" width=\"122\" textAlign=\"center\" verticalAlign=\"middle\" fontFamily=\"黑体\" bold=\"true\" size=\"28\"/>\n\t<e:List id=\"itemList\" width=\"383\" height=\"242\" x=\"558\" y=\"141\"/>\n\t<e:Label id=\"timeText\" text=\" \" x=\"444\" y=\"43\" width=\"137\" verticalAlign=\"middle\" textAlign=\"center\"/>\n</e:Skin>"
    },
    {
      "path": "resource/skins/TopViewSkin.exml",
      "content": "<?xml version=\"1.0\" encoding=\"utf-8\"?>\n<e:Skin class=\"TopViewSkin\" xmlns:e=\"http://ns.egret.com/eui\" xmlns:w=\"http://ns.egret.com/wing\" width=\"1270\">\n\t<e:Group y=\"2\" left=\"30\">\n\t\t<e:Image source=\"betMoneyBg_png\" x=\"0\" y=\"6\"/>\n\t\t<e:Label id=\"moneyText\" text=\"999,999,999\" x=\"69\" y=\"29\" width=\"162\" textAlign=\"center\" verticalAlign=\"middle\" size=\"24\"/>\n\t\t<e:Button id=\"addBtn\" label=\"\" x=\"242\" y=\"16\" width=\"50\">\n\t\t\t<e:skinName>\n\t\t\t<e:Skin states=\"up,down,disabled\">\n\t\t\t\t<e:Image width=\"100%\" height=\"100%\" source=\"addBtn1_png\" source.down=\"addBtn2_png\"/>\n\t\t\t\t<e:Label id=\"labelDisplay\" horizontalCenter=\"0\" verticalCenter=\"0\"/>\n\t\t\t</e:Skin>\n\t\t\t</e:skinName>\n\t\t</e:Button>\n\t</e:Group>\n\t<e:Group id=\"stateGroup\" y=\"13\" horizontalCenter=\"0\">\n\t\t<e:Image id=\"timeBg\" source=\"betTimeBg_png\"/>\n\t\t<e:Label id=\"timerText\" text=\" \" y=\"35\" width=\"108\" verticalAlign=\"middle\" textAlign=\"center\" x=\"10\" fontFamily=\"宋体\"/>\n\t\t<e:Label id=\"typeText\" text=\"\" x=\"-2\" y=\"1\" width=\"130\" size=\"22\" textAlign=\"center\" textColor=\"0xc3d4fd\" bold=\"true\" height=\"30\"/>\n\t</e:Group>\n\t<e:Group y=\"11\" right=\"30\">\n\t\t<e:Image y=\"0\" source=\"betBtnBg_png\"/>\n\t\t<e:Button id=\"kjBtn\" label=\"\" y=\"7\" x=\"8\">\n\t\t\t<e:skinName>\n\t\t\t\t<e:Skin states=\"up,down,disabled\">\n\t\t\t\t<e:Image width=\"100%\" height=\"100%\" source=\"openBtn1_png\" source.down=\"openBtn2_png\"/>\n\t\t\t\t<e:Label id=\"labelDisplay\" horizontalCenter=\"0\" verticalCenter=\"0\"/>\n\t\t\t\t</e:Skin>\n\t\t\t</e:skinName>\n\t\t</e:Button>\n\t\t<e:Button id=\"jlBtn\" label=\"\" x=\"131\" y=\"7\">\n\t\t\t<e:skinName>\n\t\t\t\t<e:Skin states=\"up,down,disabled\">\n\t\t\t\t<e:Image width=\"100%\" height=\"100%\" source=\"minutesBtn1_png\" source.down=\"minutesBtn2_png\"/>\n\t\t\t\t<e:Label id=\"labelDisplay\" horizontalCenter=\"0\" verticalCenter=\"0\"/>\n\t\t\t\t</e:Skin>\n\t\t\t</e:skinName>\n\t\t</e:Button>\n\t\t<e:Button id=\"smBtn\" label=\"\" x=\"255\" y=\"7\">\n\t\t\t<e:skinName>\n\t\t\t\t<e:Skin states=\"up,down,disabled\">\n\t\t\t\t<e:Image width=\"100%\" height=\"100%\" source=\"racingBtn1_png\" source.down=\"racingBtn2_png\"/>\n\t\t\t\t<e:Label id=\"labelDisplay\" horizontalCenter=\"0\" verticalCenter=\"0\"/>\n\t\t\t\t</e:Skin>\n\t\t\t</e:skinName>\n\t\t</e:Button>\n\t\t<e:ToggleButton id=\"moreBtn\" label=\"\" x=\"394\" y=\"1\">\n\t\t\t<e:skinName>\n\t\t\t\t<e:Skin states=\"up,down,disabled\">\n\t\t\t\t<e:Image width=\"100%\" height=\"100%\" source=\"moreBtn1_png\" source.down=\"moreBtn2_png\"/>\n\t\t\t\t<e:Label id=\"labelDisplay\" horizontalCenter=\"0\" verticalCenter=\"0\"/>\n\t\t\t\t</e:Skin>\n\t\t\t</e:skinName>\n\t\t</e:ToggleButton>\n\t</e:Group>\n\t<e:Group id=\"moreGroup\" x=\"1101\" y=\"85\" visible=\"false\">\n\t\t<e:Image source=\"moreBg_png\" x=\"0\" y=\"0\"/>\n\t\t<e:ToggleButton id=\"soundBtn\" label=\"\" x=\"7\" y=\"22\">\n\t\t\t<e:skinName>\n\t\t\t<e:Skin states=\"up,down,disabled\">\n\t\t\t\t<e:Image width=\"100%\" height=\"100%\" source=\"betSoundBtn1_png\" source.down=\"betSoundBtn2_png\"/>\n\t\t\t\t<e:Label id=\"labelDisplay\" horizontalCenter=\"0\" verticalCenter=\"0\"/>\n\t\t\t</e:Skin>\n\t\t\t</e:skinName>\n\t\t</e:ToggleButton>\n\t\t<e:Button id=\"ruleBtn\" label=\"\" x=\"7\" y=\"81.5\">\n\t\t\t<e:skinName>\n\t\t\t\t<e:Skin states=\"up,down,disabled\">\n\t\t\t\t<e:Image width=\"100%\" height=\"100%\" source=\"rultBtn1_png\" source.down=\"rultBtn2_png\"/>\n\t\t\t\t<e:Label id=\"labelDisplay\" horizontalCenter=\"0\" verticalCenter=\"0\"/>\n\t\t\t\t</e:Skin>\n\t\t\t</e:skinName>\n\t\t</e:Button>\n\t\t<e:Button id=\"taskBtn\" label=\"\" x=\"7\" y=\"140\">\n\t\t\t<e:skinName>\n\t\t\t\t<e:Skin states=\"up,down,disabled\">\n\t\t\t\t<e:Image width=\"100%\" height=\"100%\" source=\"taskBtn1_png\" source.down=\"taskBtn2_png\"/>\n\t\t\t\t<e:Label id=\"labelDisplay\" horizontalCenter=\"0\" verticalCenter=\"0\"/>\n\t\t\t\t</e:Skin>\n\t\t\t</e:skinName>\n\t\t</e:Button>\n\t</e:Group>\n</e:Skin>"
    }
  ]
}